Sample Name,IV_curve_3H_XYZL,,
Test Name,New 2T Resistance - Sweep,,
Location Info,,,
Mode,Sweeping,,
Speed,Normal,,
Start Delay,3,s,
Delay Between Measurements,3,s,
Number Of Samples,N/A,,
Precisio version,2.5.0.4,,
Executed,16/04/26 18:22:00,,
Duration,00:02:56,,
Device Terminal,Terminal 1,Terminal 2,
Instrument,Keithley TSP Instrument - SMU master,Keithley TSP Instrument - GNDU,
MiBot,3: miBot 3,4: miBot 4,
Operation Mode,Voltage Sweep,Common,
Start/Bias,-2,0,
Stop,2,N/A,
Step,0.08,N/A,
Number of Points,51,N/A,
Compliance,0.001,1.05,
Measure Current,Measured,N/A,
Measure Voltage,Measured,N/A,
Current Range,Limited Auto (1E-08 A),N/A,
Voltage Range,Auto,N/A,
I1,V1,
I Terminal 1,V Terminal 1,
-2.03911554308434E-10,-1.99995899200439,
-1.91292315321334E-10,-1.91998767852783,
-1.87924342753831E-10,-1.83997201919556,
-1.84599002750474E-10,-1.7599892616272,
-1.79639414454869E-10,-1.6799750328064,
-1.74495085047965E-10,-1.59999847412109,
-1.68668634614733E-10,-1.51997947692871,
-1.61648472385423E-10,-1.44000482559204,
-1.53761448018486E-10,-1.35998296737671,
-1.45689682540251E-10,-1.28000593185425,
-1.38044242703472E-10,-1.19999313354492,
-1.29958266370522E-10,-1.12000417709351,
-1.20792265079217E-10,-1.03999900817871,
-1.11754161480349E-10,-0.960007667541504,
-1.03199226941797E-10,-0.880003929138184,
-9.38911171033396E-11,-0.80001163482666,
-8.48956460686168E-11,-0.719998836517334,
-7.57154339225963E-11,-0.639983654022217,
-6.65636434860062E-11,-0.560000419616699,
-5.6417093219352E-11,-0.479983806610107,
-4.67537120130146E-11,-0.40000319480896,
-3.73887587556965E-11,-0.319983243942261,
-2.75690581474919E-11,-0.239993572235107,
-1.6740386854508E-11,-0.159997701644897,
-7.48912043491146E-12,-0.0799973011016846,
2.8279600883252E-12,8.64267349243164E-07,
1.28892452266882E-11,0.0800075531005859,
2.286526523676E-11,0.160009384155273,
3.46176420862321E-11,0.23999547958374,
4.64694949187106E-11,0.320003747940063,
5.89892579228035E-11,0.400005102157593,
7.32001126380055E-11,0.480004549026489,
8.67714788910234E-11,0.560007810592651,
1.01877617453283E-10,0.640007495880127,
1.17736931315449E-10,0.720009088516235,
1.34207311930368E-10,0.800005435943604,
1.50180312630255E-10,0.880014896392822,
1.68085989571409E-10,0.960003137588501,
1.86503257282311E-10,1.04001522064209,
2.06213712772296E-10,1.12000417709351,
2.25668372877408E-10,1.20001173019409,
2.4624569050502E-10,1.28000688552856,
2.68485678134311E-10,1.36001467704773,
2.92757817987876E-10,1.44001269340515,
3.15893089464225E-10,1.52000784873962,
3.39056782650005E-10,1.60001134872437,
3.66568997378636E-10,1.68000900745392,
3.95303345612774E-10,1.76000654697418,
4.21337631451024E-10,1.8400092124939,
4.49958292847441E-10,1.92000675201416,
4.85471218780731E-10,2.00000858306885,
