Distance,SEM_norm,I_raw,abs_I,ln_abs_I,deriv_ln_I
0.000000e+00,3.829138e-01,-6.446937e+04,6.446937e+04,1.107395e+01,-2.772773e-03
1.174194e-01,3.197663e-01,-6.445939e+04,6.445939e+04,1.107379e+01,-8.260265e-04
2.348388e-01,2.359516e-01,-6.439040e+04,6.439040e+04,1.107272e+01,8.255926e-05
3.522582e-01,1.914477e-01,-6.439003e+04,6.439003e+04,1.107271e+01,1.131144e-03
4.696776e-01,1.516568e-01,-6.439916e+04,6.439916e+04,1.107286e+01,1.619935e-03
5.870970e-01,1.248051e-01,-6.446183e+04,6.446183e+04,1.107383e+01,3.022449e-03
7.045164e-01,1.132181e-01,-6.447065e+04,6.447065e+04,1.107397e+01,4.182363e-03
8.219358e-01,9.721974e-02,-6.453217e+04,6.453217e+04,1.107492e+01,5.199072e-03
9.393552e-01,9.102052e-02,-6.454068e+04,6.454068e+04,1.107505e+01,4.918756e-03
1.056775e+00,8.040842e-02,-6.460104e+04,6.460104e+04,1.107599e+01,4.301798e-03
1.174194e+00,7.964511e-02,-6.461890e+04,6.461890e+04,1.107626e+01,4.776136e-03
1.291613e+00,7.882639e-02,-6.472912e+04,6.472912e+04,1.107797e+01,4.035275e-03
1.409033e+00,7.483305e-02,-6.466664e+04,6.466664e+04,1.107700e+01,3.875622e-03
1.526452e+00,6.206210e-02,-6.468614e+04,6.468614e+04,1.107730e+01,3.293261e-03
1.643872e+00,7.577528e-02,-6.480384e+04,6.480384e+04,1.107912e+01,3.282551e-03
1.761291e+00,8.120399e-02,-6.473981e+04,6.473981e+04,1.107813e+01,2.962954e-03
1.878710e+00,6.772011e-02,-6.479636e+04,6.479636e+04,1.107900e+01,3.786032e-03
1.996130e+00,6.003131e-02,-6.480363e+04,6.480363e+04,1.107912e+01,3.563018e-03
2.113549e+00,6.152493e-02,-6.485904e+04,6.485904e+04,1.107997e+01,3.448577e-03
2.230969e+00,5.630212e-02,-6.486597e+04,6.486597e+04,1.108008e+01,3.949001e-03
2.348388e+00,6.686021e-02,-6.492025e+04,6.492025e+04,1.108091e+01,3.453880e-03
2.465807e+00,8.074463e-02,-6.492686e+04,6.492686e+04,1.108102e+01,3.655755e-03
2.583227e+00,6.830148e-02,-6.498000e+04,6.498000e+04,1.108183e+01,3.222304e-03
2.700646e+00,6.747004e-02,-6.497635e+04,6.497635e+04,1.108178e+01,2.286226e-03
2.818066e+00,6.384703e-02,-6.498589e+04,6.498589e+04,1.108193e+01,1.533513e-03
2.935485e+00,6.686309e-02,-6.505642e+04,6.505642e+04,1.108301e+01,5.497660e-04
3.052905e+00,6.528825e-02,-6.503965e+04,6.503965e+04,1.108275e+01,-4.684208e-04
3.170324e+00,7.379211e-02,-6.497174e+04,6.497174e+04,1.108171e+01,-9.901682e-04
3.287743e+00,7.119495e-02,-6.501225e+04,6.501225e+04,1.108233e+01,-1.511916e-03
3.405163e+00,6.577181e-02,-6.495446e+04,6.495446e+04,1.108144e+01,-1.889669e-03
3.522582e+00,7.138771e-02,-6.495081e+04,6.495081e+04,1.108139e+01,-1.428931e-03
3.640002e+00,6.963580e-02,-6.494716e+04,6.494716e+04,1.108133e+01,-9.205198e-04
3.757421e+00,7.671096e-02,-6.494351e+04,6.494351e+04,1.108127e+01,-1.039559e-03
3.874840e+00,7.687797e-02,-6.493986e+04,6.493986e+04,1.108122e+01,-1.076941e-03
3.992260e+00,7.350895e-02,-6.493621e+04,6.493621e+04,1.108116e+01,-1.362936e-03
4.109679e+00,7.840666e-02,-6.493256e+04,6.493256e+04,1.108110e+01,-1.185723e-03
4.227099e+00,6.452236e-02,-6.491885e+04,6.491885e+04,1.108089e+01,-1.421241e-03
4.344518e+00,8.124311e-02,-6.486441e+04,6.486441e+04,1.108005e+01,-1.522875e-03
4.461937e+00,6.561727e-02,-6.487120e+04,6.487120e+04,1.108016e+01,-1.491418e-03
4.579357e+00,6.099772e-02,-6.490789e+04,6.490789e+04,1.108072e+01,-1.469004e-03
4.696776e+00,7.242803e-02,-6.485456e+04,6.485456e+04,1.107990e+01,-1.998479e-03
4.814196e+00,7.004455e-02,-6.485128e+04,6.485128e+04,1.107985e+01,-2.503619e-03
4.931615e+00,6.616974e-02,-6.484799e+04,6.484799e+04,1.107980e+01,-3.454750e-03
5.049034e+00,6.273371e-02,-6.482857e+04,6.482857e+04,1.107950e+01,-3.813863e-03
5.166454e+00,6.427788e-02,-6.474327e+04,6.474327e+04,1.107819e+01,-2.811913e-03
5.283873e+00,5.906651e-02,-6.471589e+04,6.471589e+04,1.107776e+01,-2.505105e-03
5.401293e+00,5.645263e-02,-6.468226e+04,6.468226e+04,1.107724e+01,-1.944436e-03
5.518712e+00,5.648398e-02,-6.469578e+04,6.469578e+04,1.107745e+01,-1.131495e-03
5.636131e+00,6.927651e-02,-6.476138e+04,6.476138e+04,1.107846e+01,-2.445476e-04
5.753551e+00,7.411937e-02,-6.471206e+04,6.471206e+04,1.107770e+01,-1.303695e-04
5.870970e+00,6.211909e-02,-6.470951e+04,6.470951e+04,1.107766e+01,-7.755262e-04
5.988390e+00,6.013717e-02,-6.470695e+04,6.470695e+04,1.107762e+01,-2.159448e-03
6.105809e+00,6.625297e-02,-6.470440e+04,6.470440e+04,1.107758e+01,-2.695335e-03
6.223228e+00,7.241736e-02,-6.469180e+04,6.469180e+04,1.107739e+01,-3.528078e-03
6.340648e+00,5.855396e-02,-6.462666e+04,6.462666e+04,1.107638e+01,-4.673178e-03
6.458067e+00,5.935249e-02,-6.456230e+04,6.456230e+04,1.107539e+01,-5.330531e-03
6.575487e+00,5.747987e-02,-6.461193e+04,6.461193e+04,1.107615e+01,-5.598519e-03
6.692906e+00,6.479598e-02,-6.447548e+04,6.447548e+04,1.107404e+01,-4.580623e-03
6.810325e+00,3.643316e-02,-6.443011e+04,6.443011e+04,1.107334e+01,-3.620782e-03
6.927745e+00,5.391221e-02,-6.441831e+04,6.441831e+04,1.107315e+01,-3.231461e-03
7.045164e+00,5.993373e-02,-6.439303e+04,6.439303e+04,1.107276e+01,-3.249666e-03
7.162584e+00,7.110314e-02,-6.446380e+04,6.446380e+04,1.107386e+01,-1.854803e-03
7.280003e+00,6.947529e-02,-6.441287e+04,6.441287e+04,1.107307e+01,-1.433383e-03
7.397422e+00,6.956648e-02,-6.435970e+04,6.435970e+04,1.107224e+01,-1.281553e-03
7.514842e+00,7.430159e-02,-6.432708e+04,6.432708e+04,1.107174e+01,-1.213212e-03
7.632261e+00,8.674108e-02,-6.436671e+04,6.436671e+04,1.107235e+01,-1.551697e-03
7.749681e+00,8.678317e-02,-6.436525e+04,6.436525e+04,1.107233e+01,-7.913563e-04
7.867100e+00,7.905485e-02,-6.436379e+04,6.436379e+04,1.107231e+01,-1.014005e-03
7.984520e+00,7.676850e-02,-6.435249e+04,6.435249e+04,1.107213e+01,-1.494255e-03
8.101939e+00,6.466224e-02,-6.432151e+04,6.432151e+04,1.107165e+01,-2.121496e-03
8.219358e+00,6.412678e-02,-6.433982e+04,6.433982e+04,1.107193e+01,-2.169146e-03
8.336778e+00,7.085721e-02,-6.426107e+04,6.426107e+04,1.107071e+01,-2.001355e-03
8.454197e+00,6.273929e-02,-6.426034e+04,6.426034e+04,1.107070e+01,-1.705034e-03
8.571617e+00,7.236679e-02,-6.425961e+04,6.425961e+04,1.107069e+01,-1.607131e-03
8.689036e+00,5.979036e-02,-6.425888e+04,6.425888e+04,1.107068e+01,-1.540525e-03
8.806455e+00,6.227535e-02,-6.425815e+04,6.425815e+04,1.107066e+01,-1.029040e-03
8.923875e+00,6.473620e-02,-6.424777e+04,6.424777e+04,1.107050e+01,-1.102670e-03
9.041294e+00,6.936730e-02,-6.421044e+04,6.421044e+04,1.106992e+01,-1.073289e-03
9.158714e+00,7.061629e-02,-6.421007e+04,6.421007e+04,1.106992e+01,-8.578388e-04
9.276133e+00,7.174175e-02,-6.420971e+04,6.420971e+04,1.106991e+01,-1.341194e-04
9.393552e+00,8.008470e-02,-6.420934e+04,6.420934e+04,1.106990e+01,8.053346e-04
9.510972e+00,7.762756e-02,-6.420898e+04,6.420898e+04,1.106990e+01,1.003812e-03
9.628391e+00,8.080866e-02,-6.421810e+04,6.421810e+04,1.107004e+01,1.371661e-03
9.745811e+00,8.379355e-02,-6.426614e+04,6.426614e+04,1.107079e+01,8.747400e-04
9.863230e+00,7.487583e-02,-6.429330e+04,6.429330e+04,1.107121e+01,7.805030e-04
9.980649e+00,8.177560e-02,-6.423119e+04,6.423119e+04,1.107024e+01,9.506446e-04
1.009807e+01,7.966867e-02,-6.429290e+04,6.429290e+04,1.107120e+01,4.785546e-04
1.021549e+01,8.698524e-02,-6.421611e+04,6.421611e+04,1.107001e+01,-5.679318e-04
1.033291e+01,8.606813e-02,-6.426364e+04,6.426364e+04,1.107075e+01,-1.398788e-03
1.045033e+01,7.418371e-02,-6.430752e+04,6.430752e+04,1.107143e+01,-1.656829e-03
1.056775e+01,7.557078e-02,-6.425982e+04,6.425982e+04,1.107069e+01,-1.253576e-03
1.068517e+01,7.389779e-02,-6.419615e+04,6.419615e+04,1.106970e+01,-4.929927e-04
1.080259e+01,8.291345e-02,-6.415505e+04,6.415505e+04,1.106906e+01,-1.110893e-03
1.092000e+01,8.245992e-02,-6.415814e+04,6.415814e+04,1.106911e+01,-6.152649e-04
1.103742e+01,7.776465e-02,-6.427673e+04,6.427673e+04,1.107095e+01,4.260096e-04
1.115484e+01,7.924108e-02,-6.425142e+04,6.425142e+04,1.107056e+01,1.331188e-03
1.127226e+01,7.875175e-02,-6.418108e+04,6.418108e+04,1.106946e+01,2.067175e-03
1.138968e+01,8.349033e-02,-6.423887e+04,6.423887e+04,1.107036e+01,1.046045e-03
1.150710e+01,8.650716e-02,-6.423960e+04,6.423960e+04,1.107038e+01,-6.101193e-04
1.162452e+01,7.848711e-02,-6.426682e+04,6.426682e+04,1.107080e+01,-8.253710e-05
1.174194e+01,8.571112e-02,-6.432909e+04,6.432909e+04,1.107177e+01,1.522135e-04
1.185936e+01,1.033514e-01,-6.421488e+04,6.421488e+04,1.106999e+01,-1.155514e-03
1.197678e+01,8.754150e-02,-6.415418e+04,6.415418e+04,1.106904e+01,-1.224099e-03
1.209420e+01,9.318098e-02,-6.425192e+04,6.425192e+04,1.107057e+01,-2.021201e-03
1.221162e+01,9.221493e-02,-6.424422e+04,6.424422e+04,1.107045e+01,-2.018267e-03
1.232904e+01,8.670799e-02,-6.415590e+04,6.415590e+04,1.106907e+01,-3.648550e-04
1.244646e+01,9.542670e-02,-6.421748e+04,6.421748e+04,1.107003e+01,7.752066e-05
1.256388e+01,9.053365e-02,-6.412888e+04,6.412888e+04,1.106865e+01,6.707984e-05
1.268130e+01,8.833260e-02,-6.415763e+04,6.415763e+04,1.106910e+01,6.025747e-04
1.279872e+01,9.169705e-02,-6.423925e+04,6.423925e+04,1.107037e+01,3.166182e-04
1.291613e+01,8.126309e-02,-6.422248e+04,6.422248e+04,1.107011e+01,-3.431212e-04
1.303355e+01,8.372376e-02,-6.424909e+04,6.424909e+04,1.107052e+01,-1.039790e-03
1.315097e+01,7.621725e-02,-6.421235e+04,6.421235e+04,1.106995e+01,-2.179201e-03
1.326839e+01,6.370607e-02,-6.411926e+04,6.411926e+04,1.106850e+01,-2.930423e-03
1.338581e+01,8.227915e-02,-6.415610e+04,6.415610e+04,1.106907e+01,-2.306871e-03
1.350323e+01,9.014277e-02,-6.407509e+04,6.407509e+04,1.106781e+01,-7.024852e-04
1.362065e+01,8.629644e-02,-6.410015e+04,6.410015e+04,1.106820e+01,9.470072e-04
1.373807e+01,8.662495e-02,-6.410088e+04,6.410088e+04,1.106821e+01,2.321366e-03
1.385549e+01,8.165942e-02,-6.414005e+04,6.414005e+04,1.106882e+01,2.545637e-03
1.397291e+01,7.558715e-02,-6.424710e+04,6.424710e+04,1.107049e+01,1.790049e-03
1.409033e+01,9.788918e-02,-6.422510e+04,6.422510e+04,1.107015e+01,-4.465150e-04
1.420775e+01,9.598735e-02,-6.423390e+04,6.423390e+04,1.107029e+01,-1.168388e-03
1.432517e+01,8.551465e-02,-6.422566e+04,6.422566e+04,1.107016e+01,-1.367552e-03
1.444259e+01,8.038642e-02,-6.409546e+04,6.409546e+04,1.106813e+01,-2.056001e-03
1.456001e+01,8.383721e-02,-6.401440e+04,6.401440e+04,1.106686e+01,-1.648517e-03
1.467743e+01,8.796260e-02,-6.413885e+04,6.413885e+04,1.106881e+01,-1.010899e-03
1.479484e+01,8.552447e-02,-6.420670e+04,6.420670e+04,1.106986e+01,-7.779099e-05
1.491226e+01,7.750326e-02,-6.412886e+04,6.412886e+04,1.106865e+01,9.187617e-04
1.502968e+01,8.138624e-02,-6.411617e+04,6.411617e+04,1.106845e+01,5.192822e-04
1.514710e+01,8.809216e-02,-6.413691e+04,6.413691e+04,1.106878e+01,-8.693508e-04
1.526452e+01,8.997124e-02,-6.413728e+04,6.413728e+04,1.106878e+01,-1.239470e-03
1.538194e+01,8.437599e-02,-6.413058e+04,6.413058e+04,1.106868e+01,-7.365780e-04
1.549936e+01,7.702039e-02,-6.411183e+04,6.411183e+04,1.106838e+01,-7.649645e-04
1.561678e+01,6.976585e-02,-6.410564e+04,6.410564e+04,1.106829e+01,-6.379375e-04
1.573420e+01,8.419904e-02,-6.408784e+04,6.408784e+04,1.106801e+01,-1.343128e-04
1.585162e+01,9.401213e-02,-6.408893e+04,6.408893e+04,1.106803e+01,3.693120e-04
1.596904e+01,8.206293e-02,-6.409673e+04,6.409673e+04,1.106815e+01,4.794226e-04
1.608646e+01,9.727714e-02,-6.412211e+04,6.412211e+04,1.106854e+01,-1.307746e-04
1.620388e+01,1.002012e-01,-6.414020e+04,6.414020e+04,1.106883e+01,3.820682e-05
1.632130e+01,8.541779e-02,-6.414056e+04,6.414056e+04,1.106883e+01,4.136515e-05
1.643872e+01,9.824795e-02,-6.410530e+04,6.410530e+04,1.106828e+01,6.287424e-05
1.655614e+01,9.974061e-02,-6.404113e+04,6.404113e+04,1.106728e+01,-6.667020e-05
1.667356e+01,1.066985e-01,-6.411913e+04,6.411913e+04,1.106850e+01,-2.915837e-04
1.679097e+01,1.016716e-01,-6.412603e+04,6.412603e+04,1.106861e+01,-1.120229e-03
1.690839e+01,8.788898e-02,-6.413629e+04,6.413629e+04,1.106877e+01,-1.675063e-03
1.702581e+01,9.174084e-02,-6.412131e+04,6.412131e+04,1.106853e+01,-2.124561e-03
1.714323e+01,8.849206e-02,-6.408497e+04,6.408497e+04,1.106797e+01,-2.979920e-03
1.726065e+01,9.366536e-02,-6.398503e+04,6.398503e+04,1.106640e+01,-2.411157e-03
1.737807e+01,9.251413e-02,-6.397669e+04,6.397669e+04,1.106627e+01,-8.156427e-04
1.749549e+01,9.610710e-02,-6.399162e+04,6.399162e+04,1.106651e+01,3.592227e-04
1.761291e+01,1.082059e-01,-6.399760e+04,6.399760e+04,1.106660e+01,5.312596e-04
1.773033e+01,9.672606e-02,-6.404989e+04,6.404989e+04,1.106742e+01,1.025620e-03
1.784775e+01,8.962196e-02,-6.413986e+04,6.413986e+04,1.106882e+01,1.564766e-03
1.796517e+01,1.015640e-01,-6.408300e+04,6.408300e+04,1.106793e+01,1.792667e-03
1.808259e+01,1.114597e-01,-6.397529e+04,6.397529e+04,1.106625e+01,1.500754e-03
1.820001e+01,1.100038e-01,-6.402050e+04,6.402050e+04,1.106696e+01,5.736785e-04
1.831743e+01,9.716889e-02,-6.413444e+04,6.413444e+04,1.106874e+01,8.737024e-04
1.843485e+01,9.599601e-02,-6.414713e+04,6.414713e+04,1.106893e+01,1.679824e-03
1.855227e+01,8.811821e-02,-6.411237e+04,6.411237e+04,1.106839e+01,1.037485e-03
1.866969e+01,9.668713e-02,-6.406339e+04,6.406339e+04,1.106763e+01,-3.111944e-04
1.878710e+01,1.074171e-01,-6.415296e+04,6.415296e+04,1.106903e+01,-5.485762e-04
1.890452e+01,1.254714e-01,-6.412338e+04,6.412338e+04,1.106856e+01,-2.515547e-04
1.902194e+01,1.128601e-01,-6.402683e+04,6.402683e+04,1.106706e+01,-5.005154e-04
1.913936e+01,1.097659e-01,-6.406778e+04,6.406778e+04,1.106770e+01,-7.951459e-04
1.925678e+01,1.036125e-01,-6.415982e+04,6.415982e+04,1.106913e+01,-1.474746e-03
1.937420e+01,9.236355e-02,-6.411249e+04,6.411249e+04,1.106839e+01,-1.077830e-03
1.949162e+01,9.703829e-02,-6.402954e+04,6.402954e+04,1.106710e+01,-6.917209e-04
1.960904e+01,9.902650e-02,-6.403841e+04,6.403841e+04,1.106724e+01,-1.218954e-03
1.972646e+01,1.063640e-01,-6.403768e+04,6.403768e+04,1.106723e+01,-1.347761e-03
1.984388e+01,1.136354e-01,-6.404084e+04,6.404084e+04,1.106728e+01,-4.199638e-04
1.996130e+01,1.136599e-01,-6.404853e+04,6.404853e+04,1.106740e+01,2.280445e-04
2.007872e+01,1.164942e-01,-6.404744e+04,6.404744e+04,1.106738e+01,1.280596e-04
2.019614e+01,1.012250e-01,-6.404634e+04,6.404634e+04,1.106736e+01,1.118916e-04
2.031356e+01,8.903529e-02,-6.404525e+04,6.404525e+04,1.106735e+01,-6.912072e-06
2.043098e+01,8.792239e-02,-6.404415e+04,6.404415e+04,1.106733e+01,2.935650e-04
2.054840e+01,9.323842e-02,-6.404634e+04,6.404634e+04,1.106736e+01,1.039155e-03
2.066582e+01,1.077260e-01,-6.404891e+04,6.404891e+04,1.106740e+01,6.990826e-04
2.078323e+01,1.099430e-01,-6.404087e+04,6.404087e+04,1.106728e+01,3.355212e-04
2.090065e+01,1.246612e-01,-6.408503e+04,6.408503e+04,1.106797e+01,-6.902401e-05
2.101807e+01,1.200095e-01,-6.413672e+04,6.413672e+04,1.106877e+01,-4.527480e-04
2.113549e+01,1.143794e-01,-6.403759e+04,6.403759e+04,1.106723e+01,-7.801012e-04
2.125291e+01,1.160314e-01,-6.403384e+04,6.403384e+04,1.106717e+01,-1.040374e-03
2.137033e+01,1.142749e-01,-6.402746e+04,6.402746e+04,1.106707e+01,-1.343822e-03
2.148775e+01,1.257241e-01,-6.402673e+04,6.402673e+04,1.106706e+01,-1.145960e-03
2.160517e+01,1.272915e-01,-6.402600e+04,6.402600e+04,1.106704e+01,-2.589934e-04
2.172259e+01,1.168193e-01,-6.402527e+04,6.402527e+04,1.106703e+01,2.460542e-04
2.184001e+01,1.182087e-01,-6.402454e+04,6.402454e+04,1.106702e+01,1.509435e-03
2.195743e+01,1.178193e-01,-6.402182e+04,6.402182e+04,1.106698e+01,2.399157e-03
2.207485e+01,1.111396e-01,-6.401922e+04,6.401922e+04,1.106694e+01,2.529993e-03
2.219227e+01,1.163182e-01,-6.407061e+04,6.407061e+04,1.106774e+01,1.123790e-03
2.230969e+01,1.315772e-01,-6.416920e+04,6.416920e+04,1.106928e+01,-6.065221e-04
2.242711e+01,1.263976e-01,-6.416884e+04,6.416884e+04,1.106927e+01,-7.858592e-04
2.254453e+01,9.234443e-02,-6.411938e+04,6.411938e+04,1.106850e+01,-6.818265e-04
2.266195e+01,9.472661e-02,-6.397007e+04,6.397007e+04,1.106617e+01,-1.705838e-03
2.277936e+01,1.197785e-01,-6.392050e+04,6.392050e+04,1.106540e+01,-2.167106e-03
2.289678e+01,1.207206e-01,-6.407003e+04,6.407003e+04,1.106773e+01,-1.434782e-03
2.301420e+01,1.096958e-01,-6.411680e+04,6.411680e+04,1.106846e+01,-3.619124e-04
2.313162e+01,1.166010e-01,-6.401652e+04,6.401652e+04,1.106690e+01,9.772612e-04
2.324904e+01,1.105473e-01,-6.401508e+04,6.401508e+04,1.106687e+01,1.205986e-03
2.336646e+01,1.090845e-01,-6.401274e+04,6.401274e+04,1.106684e+01,-3.258512e-04
2.348388e+01,1.185283e-01,-6.401252e+04,6.401252e+04,1.106683e+01,-8.736232e-04
2.360130e+01,1.227507e-01,-6.406523e+04,6.406523e+04,1.106766e+01,-1.068962e-03
2.371872e+01,1.034439e-01,-6.411312e+04,6.411312e+04,1.106840e+01,-1.026307e-03
2.383614e+01,9.696722e-02,-6.401231e+04,6.401231e+04,1.106683e+01,-9.881112e-04
2.395356e+01,1.074434e-01,-6.395929e+04,6.395929e+04,1.106600e+01,-9.755340e-04
2.407098e+01,1.125100e-01,-6.391301e+04,6.391301e+04,1.106528e+01,-4.968596e-04
2.418840e+01,1.163652e-01,-6.401407e+04,6.401407e+04,1.106686e+01,8.484871e-04
2.430582e+01,1.250928e-01,-6.401475e+04,6.401475e+04,1.106687e+01,1.757442e-03
2.442324e+01,1.230486e-01,-6.401471e+04,6.401471e+04,1.106687e+01,1.769309e-03
2.454066e+01,1.215827e-01,-6.406804e+04,6.406804e+04,1.106770e+01,1.198395e-03
2.465807e+01,1.331294e-01,-6.411383e+04,6.411383e+04,1.106842e+01,9.166565e-06
2.477549e+01,1.314320e-01,-6.401690e+04,6.401690e+04,1.106690e+01,-3.056880e-04
2.489291e+01,1.277101e-01,-6.401763e+04,6.401763e+04,1.106691e+01,-6.344512e-04
2.501033e+01,1.218217e-01,-6.401955e+04,6.401955e+04,1.106694e+01,-9.295304e-04
2.512775e+01,1.255350e-01,-6.402283e+04,6.402283e+04,1.106700e+01,-1.534888e-04
2.524517e+01,1.312860e-01,-6.402246e+04,6.402246e+04,1.106699e+01,1.487287e-03
2.536259e+01,1.362792e-01,-6.402214e+04,6.402214e+04,1.106698e+01,1.213382e-03
2.548001e+01,1.218034e-01,-6.402784e+04,6.402784e+04,1.106707e+01,8.776068e-04
2.559743e+01,1.157639e-01,-6.408529e+04,6.408529e+04,1.106797e+01,1.003120e-03
2.571485e+01,1.123593e-01,-6.412999e+04,6.412999e+04,1.106867e+01,1.369633e-03
2.583227e+01,1.226602e-01,-6.403912e+04,6.403912e+04,1.106725e+01,7.064922e-04
2.594969e+01,1.190342e-01,-6.403679e+04,6.403679e+04,1.106721e+01,2.491403e-05
2.606711e+01,1.241425e-01,-6.409123e+04,6.409123e+04,1.106806e+01,-1.837346e-04
2.618453e+01,1.284725e-01,-6.413227e+04,6.413227e+04,1.106870e+01,4.539321e-04
2.630195e+01,1.212032e-01,-6.404387e+04,6.404387e+04,1.106732e+01,6.492791e-04
2.641937e+01,1.087769e-01,-6.404755e+04,6.404755e+04,1.106738e+01,5.021432e-05
2.653679e+01,1.128014e-01,-6.410014e+04,6.410014e+04,1.106820e+01,-6.467717e-04
2.665420e+01,1.131078e-01,-6.414193e+04,6.414193e+04,1.106885e+01,-2.858844e-04
2.677162e+01,1.057483e-01,-6.405028e+04,6.405028e+04,1.106742e+01,8.310826e-04
2.688904e+01,1.147298e-01,-6.405427e+04,6.405427e+04,1.106749e+01,1.713361e-04
2.700646e+01,1.211243e-01,-6.404993e+04,6.404993e+04,1.106742e+01,-4.578591e-04
2.712388e+01,1.155827e-01,-6.410455e+04,6.410455e+04,1.106827e+01,-5.098128e-04
2.724130e+01,1.047983e-01,-6.414195e+04,6.414195e+04,1.106885e+01,-4.237320e-04
2.735872e+01,1.104019e-01,-6.405431e+04,6.405431e+04,1.106749e+01,-1.752935e-03
2.747614e+01,1.105608e-01,-6.405577e+04,6.405577e+04,1.106751e+01,-2.240858e-03
2.759356e+01,1.062288e-01,-6.405723e+04,6.405723e+04,1.106753e+01,-2.296459e-03
2.771098e+01,1.035230e-01,-6.400991e+04,6.400991e+04,1.106679e+01,-2.094840e-03
2.782840e+01,9.939509e-02,-6.393183e+04,6.393183e+04,1.106557e+01,-4.678001e-04
2.794582e+01,1.047574e-01,-6.399203e+04,6.399203e+04,1.106651e+01,3.883892e-04
2.806324e+01,1.147001e-01,-6.403064e+04,6.403064e+04,1.106712e+01,1.149371e-03
2.818066e+01,1.234900e-01,-6.398662e+04,6.398662e+04,1.106643e+01,1.910352e-03
2.829808e+01,1.131715e-01,-6.407120e+04,6.407120e+04,1.106775e+01,2.602910e-03
2.841550e+01,1.133447e-01,-6.407604e+04,6.407604e+04,1.106783e+01,2.457287e-03
2.853292e+01,1.244058e-01,-6.406891e+04,6.406891e+04,1.106771e+01,1.750596e-03
2.865033e+01,1.219729e-01,-6.407037e+04,6.407037e+04,1.106774e+01,8.848416e-04
2.876775e+01,1.225116e-01,-6.412513e+04,6.412513e+04,1.106859e+01,-6.807353e-04
2.888517e+01,1.215151e-01,-6.415714e+04,6.415714e+04,1.106909e+01,-1.164653e-03
2.900259e+01,1.076077e-01,-6.407475e+04,6.407475e+04,1.106781e+01,-1.735830e-03
2.912001e+01,1.067832e-01,-6.402920e+04,6.402920e+04,1.106709e+01,-1.474251e-03
2.923743e+01,1.177356e-01,-6.400496e+04,6.400496e+04,1.106672e+01,-1.748492e-03
2.935485e+01,1.162959e-01,-6.402580e+04,6.402580e+04,1.106704e+01,-2.116209e-03
2.947227e+01,1.223734e-01,-6.399857e+04,6.399857e+04,1.106662e+01,-1.623357e-03
2.958969e+01,1.152283e-01,-6.408204e+04,6.408204e+04,1.106792e+01,-1.448033e-03
2.970711e+01,1.125968e-01,-6.402305e+04,6.402305e+04,1.106700e+01,-1.021151e-03
2.982453e+01,1.267981e-01,-6.393237e+04,6.393237e+04,1.106558e+01,-1.690947e-04
2.994195e+01,1.333922e-01,-6.394128e+04,6.394128e+04,1.106572e+01,1.014433e-04
3.005937e+01,1.293773e-01,-6.395436e+04,6.395436e+04,1.106593e+01,-2.225579e-04
3.017679e+01,1.290068e-01,-6.400951e+04,6.400951e+04,1.106679e+01,1.138237e-03
3.029421e+01,1.402353e-01,-6.408285e+04,6.408285e+04,1.106793e+01,1.915377e-03
3.041163e+01,1.386212e-01,-6.401067e+04,6.401067e+04,1.106681e+01,1.624203e-03
3.052905e+01,1.436562e-01,-6.397390e+04,6.397390e+04,1.106623e+01,1.638736e-03
3.064646e+01,1.426563e-01,-6.405339e+04,6.405339e+04,1.106747e+01,1.481358e-03
3.076388e+01,1.372518e-01,-6.405412e+04,6.405412e+04,1.106748e+01,6.632142e-04
3.088130e+01,1.361074e-01,-6.405485e+04,6.405485e+04,1.106750e+01,7.373589e-04
3.099872e+01,1.318886e-01,-6.410885e+04,6.410885e+04,1.106834e+01,-1.140850e-04
3.111614e+01,1.256070e-01,-6.411499e+04,6.411499e+04,1.106843e+01,-1.872484e-03
3.123356e+01,1.220357e-01,-6.401160e+04,6.401160e+04,1.106682e+01,-2.643484e-03
3.135098e+01,1.177891e-01,-6.402109e+04,6.402109e+04,1.106697e+01,-2.654275e-03
3.146840e+01,1.093430e-01,-6.399148e+04,6.399148e+04,1.106651e+01,-1.835264e-03
3.158582e+01,1.078131e-01,-6.393045e+04,6.393045e+04,1.106555e+01,-5.198040e-04
3.170324e+01,1.128524e-01,-6.393155e+04,6.393155e+04,1.106557e+01,8.632094e-04
3.182066e+01,1.193819e-01,-6.398583e+04,6.398583e+04,1.106642e+01,1.276243e-03
3.193808e+01,1.316824e-01,-6.406142e+04,6.406142e+04,1.106760e+01,1.838433e-03
3.205550e+01,1.225288e-01,-6.405159e+04,6.405159e+04,1.106744e+01,2.622503e-03
3.217292e+01,1.093575e-01,-6.403724e+04,6.403724e+04,1.106722e+01,2.626386e-03
3.229034e+01,1.059340e-01,-6.403760e+04,6.403760e+04,1.106723e+01,1.546854e-03
3.240776e+01,1.175903e-01,-6.404906e+04,6.404906e+04,1.106740e+01,7.767590e-04
3.252518e+01,1.183440e-01,-6.411815e+04,6.411815e+04,1.106848e+01,6.705061e-04
3.264259e+01,1.086547e-01,-6.413822e+04,6.413822e+04,1.106880e+01,-1.305399e-04
3.276001e+01,1.082567e-01,-6.406653e+04,6.406653e+04,1.106768e+01,-1.283456e-03
3.287743e+01,1.036443e-01,-6.406726e+04,6.406726e+04,1.106769e+01,-1.540841e-03
3.299485e+01,1.107901e-01,-6.406799e+04,6.406799e+04,1.106770e+01,-1.438683e-03
3.311227e+01,1.160354e-01,-6.400354e+04,6.400354e+04,1.106669e+01,-1.072053e-03
3.322969e+01,1.199378e-01,-6.396981e+04,6.396981e+04,1.106617e+01,-9.443521e-04
3.334711e+01,1.166465e-01,-6.405346e+04,6.405346e+04,1.106747e+01,-9.385009e-04
3.346453e+01,1.051897e-01,-6.408367e+04,6.408367e+04,1.106794e+01,-2.478445e-04
3.358195e+01,9.006809e-02,-6.403583e+04,6.403583e+04,1.106720e+01,9.429690e-04
3.369937e+01,8.618915e-02,-6.396330e+04,6.396330e+04,1.106606e+01,1.344952e-03
3.381679e+01,1.025479e-01,-6.399533e+04,6.399533e+04,1.106657e+01,1.152964e-03
3.393421e+01,1.090859e-01,-6.405385e+04,6.405385e+04,1.106748e+01,1.464693e-03
3.405163e+01,1.074677e-01,-6.410603e+04,6.410603e+04,1.106829e+01,1.991895e-03
3.416905e+01,1.090532e-01,-6.410713e+04,6.410713e+04,1.106831e+01,2.143795e-03
3.428647e+01,1.111275e-01,-6.410822e+04,6.410822e+04,1.106833e+01,1.465267e-03
3.440389e+01,1.130660e-01,-6.409502e+04,6.409502e+04,1.106812e+01,9.574173e-04
3.452130e+01,1.120806e-01,-6.409197e+04,6.409197e+04,1.106807e+01,6.382456e-04
3.463872e+01,1.144652e-01,-6.411151e+04,6.411151e+04,1.106838e+01,1.024574e-03
3.475614e+01,1.203019e-01,-6.412749e+04,6.412749e+04,1.106863e+01,9.419523e-04
3.487356e+01,1.157960e-01,-6.414773e+04,6.414773e+04,1.106894e+01,1.466130e-04
3.499098e+01,1.106884e-01,-6.413391e+04,6.413391e+04,1.106873e+01,-9.044843e-05
3.510840e+01,1.221071e-01,-6.416835e+04,6.416835e+04,1.106927e+01,-5.493450e-04
3.522582e+01,1.193208e-01,-6.412958e+04,6.412958e+04,1.106866e+01,-9.886433e-04
3.534324e+01,1.126539e-01,-6.405337e+04,6.405337e+04,1.106747e+01,-7.228328e-04
3.546066e+01,1.132746e-01,-6.411917e+04,6.411917e+04,1.106850e+01,-3.027870e-04
3.557808e+01,1.119256e-01,-6.410398e+04,6.410398e+04,1.106826e+01,-5.866888e-04
3.569550e+01,1.128336e-01,-6.408477e+04,6.408477e+04,1.106796e+01,3.102547e-04
3.581292e+01,1.195256e-01,-6.413774e+04,6.413774e+04,1.106879e+01,1.091499e-03
3.593034e+01,1.255487e-01,-6.413242e+04,6.413242e+04,1.106871e+01,1.048940e-03
3.604776e+01,1.297735e-01,-6.406638e+04,6.406638e+04,1.106768e+01,2.007704e-03
3.616518e+01,1.294065e-01,-6.413980e+04,6.413980e+04,1.106882e+01,2.072995e-03
3.628260e+01,1.325073e-01,-6.416805e+04,6.416805e+04,1.106926e+01,1.660027e-03
3.640002e+01,1.350794e-01,-6.417995e+04,6.417995e+04,1.106945e+01,1.831958e-03
3.651743e+01,1.412303e-01,-6.424247e+04,6.424247e+04,1.107042e+01,1.407167e-03
3.663485e+01,1.399391e-01,-6.419128e+04,6.419128e+04,1.106962e+01,1.290924e-05
3.675227e+01,1.231349e-01,-6.418309e+04,6.418309e+04,1.106950e+01,-1.228545e-03
3.686969e+01,1.226154e-01,-6.420754e+04,6.420754e+04,1.106988e+01,-1.747195e-03
3.698711e+01,1.403891e-01,-6.416419e+04,6.416419e+04,1.106920e+01,-1.312787e-03
3.710453e+01,1.418215e-01,-6.414520e+04,6.414520e+04,1.106890e+01,-6.678525e-05
3.722195e+01,1.443719e-01,-6.409037e+04,6.409037e+04,1.106805e+01,2.223839e-04
3.733937e+01,1.583417e-01,-6.412434e+04,6.412434e+04,1.106858e+01,-2.611893e-04
3.745679e+01,1.596328e-01,-6.420625e+04,6.420625e+04,1.106986e+01,-2.795401e-04
3.757421e+01,1.541379e-01,-6.422646e+04,6.422646e+04,1.107017e+01,-3.463709e-04
3.769163e+01,1.577764e-01,-6.417824e+04,6.417824e+04,1.106942e+01,1.426552e-04
3.780905e+01,1.585856e-01,-6.409791e+04,6.409791e+04,1.106817e+01,4.244402e-04
3.792647e+01,1.621864e-01,-6.409864e+04,6.409864e+04,1.106818e+01,4.650159e-04
3.804389e+01,1.649021e-01,-6.412008e+04,6.412008e+04,1.106851e+01,5.303999e-04
3.816131e+01,1.612252e-01,-6.419560e+04,6.419560e+04,1.106969e+01,-5.026644e-04
3.827873e+01,1.528412e-01,-6.425342e+04,6.425342e+04,1.107059e+01,-3.712307e-03
3.839615e+01,1.289484e-01,-6.422439e+04,6.422439e+04,1.107014e+01,-7.533164e-03
3.851356e+01,1.008280e-01,-6.414979e+04,6.414979e+04,1.106898e+01,-9.952086e-03
3.863098e+01,1.078124e-01,-6.398654e+04,6.398654e+04,1.106643e+01,-1.092803e-02
3.874840e+01,1.324011e-01,-6.374192e+04,6.374192e+04,1.106260e+01,-8.950262e-03
3.886582e+01,1.144640e-01,-6.366443e+04,6.366443e+04,1.106138e+01,-4.334378e-03
3.898324e+01,1.053023e-01,-6.371274e+04,6.371274e+04,1.106214e+01,1.074612e-03
3.910066e+01,1.262614e-01,-6.375185e+04,6.375185e+04,1.106275e+01,6.567758e-03
3.921808e+01,1.307531e-01,-6.389808e+04,6.389808e+04,1.106504e+01,1.062722e-02
3.933550e+01,1.331344e-01,-6.404905e+04,6.404905e+04,1.106740e+01,1.138660e-02
3.945292e+01,1.477497e-01,-6.412374e+04,6.412374e+04,1.106857e+01,1.015332e-02
3.957034e+01,1.566218e-01,-6.420130e+04,6.420130e+04,1.106978e+01,8.152321e-03
3.968776e+01,1.553665e-01,-6.425658e+04,6.425658e+04,1.107064e+01,5.384480e-03
3.980518e+01,1.530473e-01,-6.425840e+04,6.425840e+04,1.107067e+01,3.565804e-03
3.992260e+01,1.626247e-01,-6.426023e+04,6.426023e+04,1.107070e+01,2.965876e-03
4.004002e+01,1.707185e-01,-6.426205e+04,6.426205e+04,1.107072e+01,2.273905e-03
4.015744e+01,1.729044e-01,-6.426388e+04,6.426388e+04,1.107075e+01,1.503730e-03
4.027486e+01,1.817612e-01,-6.431580e+04,6.431580e+04,1.107156e+01,1.124801e-03
4.039228e+01,1.832675e-01,-6.436893e+04,6.436893e+04,1.107239e+01,4.372468e-04
4.050969e+01,1.819600e-01,-6.434490e+04,6.434490e+04,1.107201e+01,-7.173249e-04
4.062711e+01,1.768139e-01,-6.429421e+04,6.429421e+04,1.107122e+01,-2.187495e-03
4.074453e+01,1.731382e-01,-6.429260e+04,6.429260e+04,1.107120e+01,-3.179094e-03
4.086195e+01,1.802816e-01,-6.426438e+04,6.426438e+04,1.107076e+01,-2.757180e-03
4.097937e+01,1.828400e-01,-6.421076e+04,6.421076e+04,1.106993e+01,-2.071365e-03
4.109679e+01,1.838814e-01,-6.416044e+04,6.416044e+04,1.106914e+01,-1.737537e-03
4.121421e+01,1.771340e-01,-6.418687e+04,6.418687e+04,1.106955e+01,-1.999292e-03
4.133163e+01,1.565858e-01,-6.426267e+04,6.426267e+04,1.107073e+01,-2.306376e-03
4.144905e+01,1.521956e-01,-6.421295e+04,6.421295e+04,1.106996e+01,-2.423188e-03
4.156647e+01,1.494886e-01,-6.416419e+04,6.416419e+04,1.106920e+01,-2.440226e-03
4.168389e+01,1.395065e-01,-6.411499e+04,6.411499e+04,1.106843e+01,-2.076732e-03
4.180131e+01,1.332335e-01,-6.406716e+04,6.406716e+04,1.106769e+01,-1.462436e-03
4.191873e+01,1.379718e-01,-6.406753e+04,6.406753e+04,1.106769e+01,4.481981e-05
4.203615e+01,1.401276e-01,-6.409651e+04,6.409651e+04,1.106815e+01,1.610922e-03
4.215357e+01,1.350517e-01,-6.417378e+04,6.417378e+04,1.106935e+01,3.313669e-03
4.227099e+01,1.456881e-01,-6.417243e+04,6.417243e+04,1.106933e+01,4.563020e-03
4.238841e+01,1.478150e-01,-6.417507e+04,6.417507e+04,1.106937e+01,4.523579e-03
4.250582e+01,1.514108e-01,-6.422194e+04,6.422194e+04,1.107010e+01,3.936231e-03
4.262324e+01,1.479445e-01,-6.430068e+04,6.430068e+04,1.107133e+01,3.118696e-03
4.274066e+01,1.373715e-01,-6.434516e+04,6.434516e+04,1.107202e+01,3.093614e-03
4.285808e+01,1.442925e-01,-6.431678e+04,6.431678e+04,1.107158e+01,2.598117e-03
4.297550e+01,1.490667e-01,-6.431678e+04,6.431678e+04,1.107158e+01,1.603437e-03
4.309292e+01,1.504168e-01,-6.431678e+04,6.431678e+04,1.107158e+01,7.223881e-04
4.321034e+01,1.405938e-01,-6.436486e+04,6.436486e+04,1.107232e+01,-2.415687e-04
4.332776e+01,1.367828e-01,-6.436107e+04,6.436107e+04,1.107226e+01,-6.051262e-04
4.344518e+01,1.418856e-01,-6.434840e+04,6.434840e+04,1.107207e+01,-7.423083e-04
4.356260e+01,1.360733e-01,-6.434594e+04,6.434594e+04,1.107203e+01,-4.609431e-04
4.368002e+01,1.335860e-01,-6.426906e+04,6.426906e+04,1.107083e+01,8.876104e-05
4.379744e+01,1.416645e-01,-6.427358e+04,6.427358e+04,1.107090e+01,9.677424e-04
4.391486e+01,1.495939e-01,-6.431678e+04,6.431678e+04,1.107158e+01,1.294965e-03
4.403228e+01,1.519526e-01,-6.436421e+04,6.436421e+04,1.107231e+01,1.118443e-03
4.414970e+01,1.431913e-01,-6.440650e+04,6.440650e+04,1.107297e+01,6.825558e-04
4.426712e+01,1.456884e-01,-6.440614e+04,6.440614e+04,1.107296e+01,-7.311956e-04
4.438453e+01,1.384219e-01,-6.435863e+04,6.435863e+04,1.107223e+01,-1.341322e-03
4.450195e+01,1.285132e-01,-6.431678e+04,6.431678e+04,1.107158e+01,-1.702306e-03
4.461937e+01,1.441670e-01,-6.428257e+04,6.428257e+04,1.107104e+01,-1.870627e-03
4.473679e+01,1.534969e-01,-6.425209e+04,6.425209e+04,1.107057e+01,-7.215183e-04
4.485421e+01,1.500568e-01,-6.433320e+04,6.433320e+04,1.107183e+01,4.600470e-04
4.497163e+01,1.466836e-01,-6.432231e+04,6.432231e+04,1.107166e+01,8.765595e-04
4.508905e+01,1.527356e-01,-6.428626e+04,6.428626e+04,1.107110e+01,9.236914e-04
4.520647e+01,1.529968e-01,-6.436321e+04,6.436321e+04,1.107230e+01,5.932534e-04
4.532389e+01,1.556776e-01,-6.435653e+04,6.435653e+04,1.107219e+01,-6.958582e-05
4.544131e+01,1.608215e-01,-6.431678e+04,6.431678e+04,1.107158e+01,3.886730e-04
4.555873e+01,1.620065e-01,-6.431678e+04,6.431678e+04,1.107158e+01,5.148908e-04
4.567615e+01,1.598406e-01,-6.431678e+04,6.431678e+04,1.107158e+01,-1.659604e-04
4.579357e+01,1.596200e-01,-6.432581e+04,6.432581e+04,1.107172e+01,-4.666859e-04
4.591099e+01,1.631524e-01,-6.436984e+04,6.436984e+04,1.107240e+01,-9.681239e-04
4.602841e+01,1.687729e-01,-6.435498e+04,6.435498e+04,1.107217e+01,-1.974791e-03
4.614583e+01,1.638264e-01,-6.431678e+04,6.431678e+04,1.107158e+01,-2.651174e-03
4.626325e+01,1.528306e-01,-6.427131e+04,6.427131e+04,1.107087e+01,-3.137740e-03
4.638066e+01,1.644245e-01,-6.423398e+04,6.423398e+04,1.107029e+01,-3.887696e-03
4.649808e+01,1.659555e-01,-6.419584e+04,6.419584e+04,1.106969e+01,-3.246520e-03
4.661550e+01,1.516288e-01,-6.420297e+04,6.420297e+04,1.106980e+01,-1.391159e-03
4.673292e+01,1.430523e-01,-6.419601e+04,6.419601e+04,1.106970e+01,8.778505e-05
4.685034e+01,1.516742e-01,-6.412484e+04,6.412484e+04,1.106859e+01,1.601029e-03
4.696776e+01,1.578783e-01,-6.417697e+04,6.417697e+04,1.106940e+01,3.190947e-03
4.708518e+01,1.512545e-01,-6.428469e+04,6.428469e+04,1.107108e+01,4.018448e-03
4.720260e+01,1.545346e-01,-6.427222e+04,6.427222e+04,1.107088e+01,4.498923e-03
4.732002e+01,1.604228e-01,-6.432180e+04,6.432180e+04,1.107165e+01,4.491497e-03
4.743744e+01,1.570474e-01,-6.438986e+04,6.438986e+04,1.107271e+01,2.900366e-03
4.755486e+01,1.582968e-01,-6.439022e+04,6.439022e+04,1.107272e+01,1.101328e-03
4.767228e+01,1.587814e-01,-6.439059e+04,6.439059e+04,1.107272e+01,-1.911971e-04
4.778970e+01,1.685089e-01,-6.439095e+04,6.439095e+04,1.107273e+01,-1.514310e-03
4.790712e+01,1.686982e-01,-6.434945e+04,6.434945e+04,1.107208e+01,-2.025295e-03
4.802454e+01,1.690553e-01,-6.431678e+04,6.431678e+04,1.107158e+01,-2.157074e-03
4.814196e+01,1.717828e-01,-6.427433e+04,6.427433e+04,1.107092e+01,-1.942610e-03
4.825938e+01,1.711723e-01,-6.428387e+04,6.428387e+04,1.107106e+01,-1.584515e-03
4.837679e+01,1.698677e-01,-6.431678e+04,6.431678e+04,1.107158e+01,-8.615097e-04
4.849421e+01,1.674739e-01,-6.427347e+04,6.427347e+04,1.107090e+01,-6.511733e-05
4.861163e+01,1.744557e-01,-6.428314e+04,6.428314e+04,1.107105e+01,4.429509e-04
4.872905e+01,1.720829e-01,-6.427220e+04,6.427220e+04,1.107088e+01,8.471301e-05
4.884647e+01,1.730500e-01,-6.428349e+04,6.428349e+04,1.107106e+01,-4.617808e-04
4.896389e+01,1.743154e-01,-6.431678e+04,6.431678e+04,1.107158e+01,-5.466548e-04
4.908131e+01,1.688230e-01,-6.431678e+04,6.431678e+04,1.107158e+01,-1.309572e-03
4.919873e+01,1.689441e-01,-6.427173e+04,6.427173e+04,1.107088e+01,-2.065596e-03
4.931615e+01,1.659457e-01,-6.423786e+04,6.423786e+04,1.107035e+01,-2.679503e-03
4.943357e+01,1.741364e-01,-6.423749e+04,6.423749e+04,1.107034e+01,-2.884387e-03
4.955099e+01,1.755785e-01,-6.419506e+04,6.419506e+04,1.106968e+01,-2.062793e-03
4.966841e+01,1.743315e-01,-6.416419e+04,6.416419e+04,1.106920e+01,-7.491643e-04
4.978583e+01,1.775633e-01,-6.416419e+04,6.416419e+04,1.106920e+01,-1.372423e-04
4.990325e+01,1.701138e-01,-6.416935e+04,6.416935e+04,1.106928e+01,3.577011e-04
5.002067e+01,1.660279e-01,-6.421534e+04,6.421534e+04,1.107000e+01,7.941380e-04
5.013809e+01,1.584498e-01,-6.424566e+04,6.424566e+04,1.107047e+01,1.372241e-03
5.025551e+01,1.533408e-01,-6.420477e+04,6.420477e+04,1.106983e+01,1.941335e-03
5.037292e+01,1.666282e-01,-6.421712e+04,6.421712e+04,1.107003e+01,1.751350e-03
5.049034e+01,1.760834e-01,-6.420578e+04,6.420578e+04,1.106985e+01,7.661484e-04
5.060776e+01,1.756790e-01,-6.426693e+04,6.426693e+04,1.107080e+01,-7.510364e-04
5.072518e+01,1.715466e-01,-6.432256e+04,6.432256e+04,1.107167e+01,-2.515460e-03
5.084260e+01,1.556658e-01,-6.427622e+04,6.427622e+04,1.107094e+01,-3.981746e-03
5.096002e+01,1.175765e-01,-6.420780e+04,6.420780e+04,1.106988e+01,-4.244681e-03
5.107744e+01,1.104136e-01,-6.409984e+04,6.409984e+04,1.106820e+01,-3.880283e-03
5.119486e+01,1.277972e-01,-6.400532e+04,6.400532e+04,1.106672e+01,-2.675410e-03
5.131228e+01,1.606361e-01,-6.402990e+04,6.402990e+04,1.106711e+01,-3.695266e-04
5.142970e+01,1.679657e-01,-6.410660e+04,6.410660e+04,1.106830e+01,1.459803e-03
5.154712e+01,1.563946e-01,-6.416401e+04,6.416401e+04,1.106920e+01,2.434983e-03
5.166454e+01,1.604877e-01,-6.417221e+04,6.417221e+04,1.106933e+01,2.354567e-03
5.178196e+01,1.678727e-01,-6.420359e+04,6.420359e+04,1.106981e+01,7.847845e-04
5.189938e+01,1.819580e-01,-6.417783e+04,6.417783e+04,1.106941e+01,-6.153108e-04
5.201680e+01,1.831682e-01,-6.414215e+04,6.414215e+04,1.106886e+01,-1.133487e-03
5.213422e+01,1.857310e-01,-6.414142e+04,6.414142e+04,1.106885e+01,-1.095080e-03
5.225163e+01,1.849125e-01,-6.410188e+04,6.410188e+04,1.106823e+01,-1.254302e-03
5.236905e+01,1.814891e-01,-6.411443e+04,6.411443e+04,1.106842e+01,-1.466712e-03
5.248647e+01,1.829411e-01,-6.413923e+04,6.413923e+04,1.106881e+01,-1.326257e-03
5.260389e+01,1.889639e-01,-6.413850e+04,6.413850e+04,1.106880e+01,-1.505663e-03
5.272131e+01,1.958825e-01,-6.409957e+04,6.409957e+04,1.106819e+01,-1.796870e-03
5.283873e+01,1.879674e-01,-6.403627e+04,6.403627e+04,1.106720e+01,-2.570132e-03
5.295615e+01,1.705618e-01,-6.406643e+04,6.406643e+04,1.106768e+01,-2.468426e-03
5.307357e+01,1.646165e-01,-6.404705e+04,6.404705e+04,1.106737e+01,-9.790992e-04
5.319099e+01,1.653408e-01,-6.401160e+04,6.401160e+04,1.106682e+01,8.411030e-04
5.330841e+01,1.706413e-01,-6.397417e+04,6.397417e+04,1.106623e+01,2.173571e-03
5.342583e+01,1.792590e-01,-6.402523e+04,6.402523e+04,1.106703e+01,3.169542e-03
5.354325e+01,1.803533e-01,-6.412856e+04,6.412856e+04,1.106865e+01,4.408678e-03
5.366067e+01,1.787547e-01,-6.416419e+04,6.416419e+04,1.106920e+01,5.333807e-03
5.377809e+01,1.695194e-01,-6.416419e+04,6.416419e+04,1.106920e+01,4.681822e-03
5.389551e+01,1.745381e-01,-6.422159e+04,6.422159e+04,1.107009e+01,2.634784e-03
5.401293e+01,1.722956e-01,-6.425770e+04,6.425770e+04,1.107066e+01,4.159918e-04
5.413035e+01,1.792008e-01,-6.429437e+04,6.429437e+04,1.107123e+01,-1.076657e-03
5.424776e+01,1.836685e-01,-6.422226e+04,6.422226e+04,1.107011e+01,-1.595636e-03
5.436518e+01,1.843310e-01,-6.416419e+04,6.416419e+04,1.106920e+01,-2.014345e-03
5.448260e+01,1.832235e-01,-6.412838e+04,6.412838e+04,1.106864e+01,-2.273634e-03
5.460002e+01,1.783733e-01,-6.410694e+04,6.410694e+04,1.106831e+01,-1.884391e-03
5.471744e+01,1.762600e-01,-6.416699e+04,6.416699e+04,1.106924e+01,-1.752952e-03
5.483486e+01,1.671904e-01,-6.417903e+04,6.417903e+04,1.106943e+01,-1.616520e-03
5.495228e+01,1.645517e-01,-6.412905e+04,6.412905e+04,1.106865e+01,-9.365994e-04
5.506970e+01,1.738835e-01,-6.413411e+04,6.413411e+04,1.106873e+01,-4.290454e-04
5.518712e+01,1.709867e-01,-6.402848e+04,6.402848e+04,1.106708e+01,-2.380338e-04
5.530454e+01,1.720847e-01,-6.405252e+04,6.405252e+04,1.106746e+01,4.908225e-04
5.542196e+01,1.678506e-01,-6.414395e+04,6.414395e+04,1.106889e+01,1.358992e-03
5.553938e+01,1.698471e-01,-6.416419e+04,6.416419e+04,1.106920e+01,8.484290e-04
5.565680e+01,1.768681e-01,-6.416419e+04,6.416419e+04,1.106920e+01,6.023521e-04
5.577422e+01,1.851749e-01,-6.416419e+04,6.416419e+04,1.106920e+01,-6.359354e-05
5.589164e+01,1.801982e-01,-6.416419e+04,6.416419e+04,1.106920e+01,-8.472087e-04
5.600906e+01,1.826320e-01,-6.406723e+04,6.406723e+04,1.106769e+01,-3.820473e-04
5.612648e+01,1.896591e-01,-6.407530e+04,6.407530e+04,1.106781e+01,5.615887e-04
5.624389e+01,1.981846e-01,-6.414529e+04,6.414529e+04,1.106891e+01,1.109193e-03
5.636131e+01,1.927538e-01,-6.413112e+04,6.413112e+04,1.106869e+01,5.851425e-04
5.647873e+01,1.835486e-01,-6.417750e+04,6.417750e+04,1.106941e+01,-2.048280e-04
5.659615e+01,1.836044e-01,-6.421469e+04,6.421469e+04,1.106999e+01,-2.013864e-03
5.671357e+01,1.990432e-01,-6.418254e+04,6.418254e+04,1.106949e+01,-3.099647e-03
5.683099e+01,1.933846e-01,-6.406609e+04,6.406609e+04,1.106767e+01,-2.977653e-03
5.694841e+01,1.985326e-01,-6.401160e+04,6.401160e+04,1.106682e+01,-3.151018e-03
5.706583e+01,1.912420e-01,-6.397961e+04,6.397961e+04,1.106632e+01,-2.162026e-03
5.718325e+01,1.810187e-01,-6.402917e+04,6.402917e+04,1.106709e+01,-2.171183e-04
5.730067e+01,1.862683e-01,-6.406648e+04,6.406648e+04,1.106768e+01,9.857754e-04
5.741809e+01,1.928830e-01,-6.403116e+04,6.403116e+04,1.106713e+01,8.719702e-04
5.753551e+01,1.894507e-01,-6.407943e+04,6.407943e+04,1.106788e+01,4.479080e-06
5.765293e+01,1.920165e-01,-6.411643e+04,6.411643e+04,1.106846e+01,-1.021318e-03
5.777035e+01,1.941324e-01,-6.404826e+04,6.404826e+04,1.106739e+01,-1.391286e-03
5.788777e+01,1.929903e-01,-6.401160e+04,6.401160e+04,1.106682e+01,-1.043443e-03
5.800519e+01,1.937782e-01,-6.398110e+04,6.398110e+04,1.106634e+01,-1.159918e-03
5.812261e+01,1.879209e-01,-6.399561e+04,6.399561e+04,1.106657e+01,2.143544e-05
5.824002e+01,1.888703e-01,-6.401160e+04,6.401160e+04,1.106682e+01,1.368972e-03
5.835744e+01,1.936802e-01,-6.404153e+04,6.404153e+04,1.106729e+01,2.061917e-03
5.847486e+01,1.977391e-01,-6.402706e+04,6.402706e+04,1.106706e+01,8.992959e-04
5.859228e+01,1.910952e-01,-6.411214e+04,6.411214e+04,1.106839e+01,4.264740e-05
5.870970e+01,1.873345e-01,-6.409283e+04,6.409283e+04,1.106809e+01,2.082212e-04
5.882712e+01,1.851186e-01,-6.409826e+04,6.409826e+04,1.106817e+01,4.359606e-04
5.894454e+01,1.794086e-01,-6.394734e+04,6.394734e+04,1.106582e+01,7.551157e-04
5.906196e+01,1.864449e-01,-6.400386e+04,6.400386e+04,1.106670e+01,8.472814e-05
5.917938e+01,1.936680e-01,-6.410673e+04,6.410673e+04,1.106830e+01,-1.683429e-05
5.929680e+01,1.973317e-01,-6.412154e+04,6.412154e+04,1.106854e+01,-1.094173e-04
5.941422e+01,1.916961e-01,-6.412190e+04,6.412190e+04,1.106854e+01,2.809275e-04
5.953164e+01,1.867030e-01,-6.404840e+04,6.404840e+04,1.106739e+01,-9.954128e-04
5.964906e+01,1.912616e-01,-6.401160e+04,6.401160e+04,1.106682e+01,-1.934501e-03
5.976648e+01,1.952184e-01,-6.401160e+04,6.401160e+04,1.106682e+01,-1.751009e-03
5.988390e+01,1.977496e-01,-6.403898e+04,6.403898e+04,1.106725e+01,-1.428540e-03
6.000132e+01,2.028381e-01,-6.402488e+04,6.402488e+04,1.106703e+01,-1.357530e-03
6.011874e+01,2.034418e-01,-6.401160e+04,6.401160e+04,1.106682e+01,-1.875643e-03
6.023615e+01,1.990496e-01,-6.401160e+04,6.401160e+04,1.106682e+01,-1.781962e-03
6.035357e+01,2.029872e-01,-6.398503e+04,6.398503e+04,1.106640e+01,-1.971567e-03
6.047099e+01,2.023933e-01,-6.392217e+04,6.392217e+04,1.106542e+01,-2.014863e-03
6.058841e+01,2.083400e-01,-6.389764e+04,6.389764e+04,1.106504e+01,-1.901628e-03
6.070583e+01,2.061135e-01,-6.397480e+04,6.397480e+04,1.106624e+01,-1.653275e-03
6.082325e+01,2.174861e-01,-6.393370e+04,6.393370e+04,1.106560e+01,-1.372598e-03
6.094067e+01,2.111066e-01,-6.389655e+04,6.389655e+04,1.106502e+01,-2.480331e-04
6.105809e+01,2.071769e-01,-6.389618e+04,6.389618e+04,1.106501e+01,4.367084e-04
6.117551e+01,2.001191e-01,-6.389582e+04,6.389582e+04,1.106501e+01,8.239292e-04
6.129293e+01,1.944070e-01,-6.387054e+04,6.387054e+04,1.106461e+01,1.219682e-03
6.141035e+01,1.945198e-01,-6.396346e+04,6.396346e+04,1.106607e+01,7.157688e-04
6.152777e+01,1.969399e-01,-6.398711e+04,6.398711e+04,1.106644e+01,5.561098e-05
6.164519e+01,1.965142e-01,-6.400052e+04,6.400052e+04,1.106665e+01,-6.946795e-04
6.176261e+01,2.119409e-01,-6.393071e+04,6.393071e+04,1.106556e+01,-1.482805e-03
6.188003e+01,2.079795e-01,-6.386978e+04,6.386978e+04,1.106460e+01,-2.469933e-03
6.199745e+01,2.093066e-01,-6.388264e+04,6.388264e+04,1.106480e+01,-3.139486e-03
6.211486e+01,2.060103e-01,-6.386948e+04,6.386948e+04,1.106460e+01,-2.715635e-03
6.223228e+01,1.989286e-01,-6.385901e+04,6.385901e+04,1.106443e+01,-2.198129e-03
6.234970e+01,2.003870e-01,-6.385901e+04,6.385901e+04,1.106443e+01,-2.283484e-03
6.246712e+01,1.999302e-01,-6.377585e+04,6.377585e+04,1.106313e+01,-1.866702e-03
6.258454e+01,1.894955e-01,-6.382239e+04,6.382239e+04,1.106386e+01,-8.766091e-04
6.270196e+01,1.985035e-01,-6.377508e+04,6.377508e+04,1.106312e+01,1.978545e-05
6.281938e+01,1.908677e-01,-6.373812e+04,6.373812e+04,1.106254e+01,8.230676e-04
6.293680e+01,1.977066e-01,-6.382244e+04,6.382244e+04,1.106386e+01,1.626350e-03
6.305422e+01,1.939909e-01,-6.385901e+04,6.385901e+04,1.106443e+01,1.504847e-03
6.317164e+01,1.908787e-01,-6.385901e+04,6.385901e+04,1.106443e+01,1.716087e-03
6.328906e+01,1.869442e-01,-6.385901e+04,6.385901e+04,1.106443e+01,1.319707e-03
6.340648e+01,1.893458e-01,-6.385901e+04,6.385901e+04,1.106443e+01,3.251799e-04
6.352390e+01,1.910962e-01,-6.385901e+04,6.385901e+04,1.106443e+01,3.351792e-16
6.364132e+01,1.985043e-01,-6.385901e+04,6.385901e+04,1.106443e+01,-9.628702e-04
6.375874e+01,1.882222e-01,-6.385901e+04,6.385901e+04,1.106443e+01,-2.080444e-03
6.387616e+01,1.780409e-01,-6.385901e+04,6.385901e+04,1.106443e+01,-2.687582e-03
6.399358e+01,1.810163e-01,-6.385901e+04,6.385901e+04,1.106443e+01,-3.100551e-03
6.411099e+01,1.932370e-01,-6.375080e+04,6.375080e+04,1.106274e+01,-3.259166e-03
6.422841e+01,1.890920e-01,-6.370642e+04,6.370642e+04,1.106204e+01,-3.078207e-03
6.434583e+01,1.935613e-01,-6.372559e+04,6.372559e+04,1.106234e+01,-2.557676e-03
6.446325e+01,1.935591e-01,-6.371407e+04,6.371407e+04,1.106216e+01,-1.858112e-03
6.458067e+01,1.951630e-01,-6.370642e+04,6.370642e+04,1.106204e+01,2.946232e-04
6.469809e+01,1.875697e-01,-6.370642e+04,6.370642e+04,1.106204e+01,8.245449e-04
6.481551e+01,1.836480e-01,-6.370642e+04,6.370642e+04,1.106204e+01,1.305175e-03
6.493293e+01,1.811345e-01,-6.368840e+04,6.368840e+04,1.106176e+01,1.441879e-03
6.505035e+01,1.829491e-01,-6.380893e+04,6.380893e+04,1.106365e+01,1.791084e-03
6.516777e+01,1.814675e-01,-6.374933e+04,6.374933e+04,1.106271e+01,2.115273e-03
6.528519e+01,1.839798e-01,-6.379895e+04,6.379895e+04,1.106349e+01,2.154143e-03
6.540261e+01,1.873070e-01,-6.375946e+04,6.375946e+04,1.106287e+01,1.763594e-03
6.552003e+01,1.944380e-01,-6.380623e+04,6.380623e+04,1.106361e+01,2.480577e-05
6.563745e+01,1.877101e-01,-6.383606e+04,6.383606e+04,1.106407e+01,-7.591245e-04
6.575487e+01,1.771604e-01,-6.383643e+04,6.383643e+04,1.106408e+01,-1.789783e-03
6.587229e+01,1.627844e-01,-6.382068e+04,6.382068e+04,1.106383e+01,-1.252399e-03
6.598971e+01,1.691843e-01,-6.372036e+04,6.372036e+04,1.106226e+01,-1.701400e-03
6.610712e+01,1.818122e-01,-6.368493e+04,6.368493e+04,1.106170e+01,-1.908692e-03
6.622454e+01,1.788101e-01,-6.370068e+04,6.370068e+04,1.106195e+01,-1.562040e-03
6.634196e+01,1.758185e-01,-6.380258e+04,6.380258e+04,1.106355e+01,-5.183095e-05
6.645938e+01,1.814194e-01,-6.374204e+04,6.374204e+04,1.106260e+01,7.998928e-04
6.657680e+01,1.868965e-01,-6.370642e+04,6.370642e+04,1.106204e+01,3.946599e-04
6.669422e+01,1.826738e-01,-6.370642e+04,6.370642e+04,1.106204e+01,-3.742204e-04
6.681164e+01,1.910677e-01,-6.380421e+04,6.380421e+04,1.106357e+01,-1.015509e-03
6.692906e+01,1.750071e-01,-6.374187e+04,6.374187e+04,1.106260e+01,-5.351772e-04
6.704648e+01,1.738994e-01,-6.370642e+04,6.370642e+04,1.106204e+01,-5.144325e-04
6.716390e+01,1.778558e-01,-6.370642e+04,6.370642e+04,1.106204e+01,-8.111314e-04
6.728132e+01,1.854197e-01,-6.370642e+04,6.370642e+04,1.106204e+01,-1.107830e-03
6.739874e+01,1.910099e-01,-6.370642e+04,6.370642e+04,1.106204e+01,-1.221364e-03
6.751616e+01,1.906415e-01,-6.370642e+04,6.370642e+04,1.106204e+01,-1.900922e-03
6.763358e+01,1.917487e-01,-6.370642e+04,6.370642e+04,1.106204e+01,-2.594153e-03
6.775100e+01,2.028093e-01,-6.370642e+04,6.370642e+04,1.106204e+01,-2.984378e-03
6.786842e+01,1.885748e-01,-6.360489e+04,6.360489e+04,1.106045e+01,-3.167949e-03
6.798584e+01,1.840204e-01,-6.356947e+04,6.356947e+04,1.105989e+01,-2.127226e-03
6.810325e+01,1.875690e-01,-6.356911e+04,6.356911e+04,1.105988e+01,-1.592077e-03
6.822067e+01,1.707715e-01,-6.356874e+04,6.356874e+04,1.105988e+01,-1.718328e-04
6.833809e+01,1.709400e-01,-6.355750e+04,6.355750e+04,1.105970e+01,1.668110e-03
6.845551e+01,1.833152e-01,-6.365744e+04,6.365744e+04,1.106127e+01,1.469111e-03
6.857293e+01,1.950656e-01,-6.358856e+04,6.358856e+04,1.106019e+01,6.029658e-04
6.869035e+01,1.832903e-01,-6.365829e+04,6.365829e+04,1.106128e+01,7.152614e-04
6.880777e+01,1.654184e-01,-6.369332e+04,6.369332e+04,1.106184e+01,9.310142e-04
6.892519e+01,1.766271e-01,-6.358838e+04,6.358838e+04,1.106019e+01,-1.351762e-04
6.904261e+01,1.720902e-01,-6.355383e+04,6.355383e+04,1.105964e+01,-4.589310e-04
6.916003e+01,1.848500e-01,-6.365998e+04,6.365998e+04,1.106131e+01,-1.418941e-03
6.927745e+01,1.837035e-01,-6.369478e+04,6.369478e+04,1.106186e+01,-2.589416e-03
6.939487e+01,1.912698e-01,-6.359667e+04,6.359667e+04,1.106032e+01,-2.231361e-03
6.951229e+01,1.800232e-01,-6.356473e+04,6.356473e+04,1.105981e+01,-2.326730e-03
6.962971e+01,1.745348e-01,-6.355636e+04,6.355636e+04,1.105968e+01,-2.706384e-03
6.974713e+01,1.691006e-01,-6.343780e+04,6.343780e+04,1.105782e+01,-1.878032e-03
6.986455e+01,1.811159e-01,-6.350996e+04,6.350996e+04,1.105895e+01,-4.021902e-04
6.998197e+01,1.690839e-01,-6.354438e+04,6.354438e+04,1.105949e+01,3.159599e-04
7.009938e+01,1.531791e-01,-6.354475e+04,6.354475e+04,1.105950e+01,7.942960e-04
7.021680e+01,1.713681e-01,-6.354511e+04,6.354511e+04,1.105951e+01,2.743581e-04
7.033422e+01,1.755743e-01,-6.354548e+04,6.354548e+04,1.105951e+01,-5.967227e-04
7.045164e+01,1.720201e-01,-6.354584e+04,6.354584e+04,1.105952e+01,-5.459958e-04
7.056906e+01,1.844461e-01,-6.354621e+04,6.354621e+04,1.105952e+01,-2.511812e-04
7.068648e+01,1.840890e-01,-6.344039e+04,6.344039e+04,1.105786e+01,-9.870635e-04
7.080390e+01,1.687689e-01,-6.352032e+04,6.352032e+04,1.105912e+01,-1.732862e-03
7.092132e+01,1.700135e-01,-6.355383e+04,6.355383e+04,1.105964e+01,-2.154543e-03
7.103874e+01,1.739184e-01,-6.354907e+04,6.354907e+04,1.105957e+01,-2.231530e-03
7.115616e+01,1.658014e-01,-6.343453e+04,6.343453e+04,1.105776e+01,-2.027037e-03
7.127358e+01,1.808142e-01,-6.340544e+04,6.340544e+04,1.105730e+01,-2.704888e-03
7.139100e+01,1.955018e-01,-6.340630e+04,6.340630e+04,1.105732e+01,-2.413708e-03
7.150842e+01,1.918341e-01,-6.340958e+04,6.340958e+04,1.105737e+01,-1.493217e-03
7.162584e+01,2.591127e-01,-6.340653e+04,6.340653e+04,1.105732e+01,-3.152416e-04
7.174326e+01,2.224414e-01,-6.340520e+04,6.340520e+04,1.105730e+01,-9.407600e-05
7.186068e+01,1.975329e-01,-6.340484e+04,6.340484e+04,1.105730e+01,-1.239155e-04
7.197809e+01,1.927924e-01,-6.340447e+04,6.340447e+04,1.105729e+01,-1.347205e-04
7.209551e+01,1.822805e-01,-6.340186e+04,6.340186e+04,1.105725e+01,-9.745475e-05
7.221293e+01,1.929696e-01,-6.340124e+04,6.340124e+04,1.105724e+01,-7.562521e-05
7.233035e+01,1.881713e-01,-6.340124e+04,6.340124e+04,1.105724e+01,-5.681340e-05
7.244777e+01,1.772112e-01,-6.340124e+04,6.340124e+04,1.105724e+01,-3.320409e-05
7.256519e+01,1.817060e-01,-6.340124e+04,6.340124e+04,1.105724e+01,-1.083819e-03
7.268261e+01,1.819007e-01,-6.340124e+04,6.340124e+04,1.105724e+01,-1.073819e-03
7.280003e+01,1.720818e-01,-6.340124e+04,6.340124e+04,1.105724e+01,-1.781505e-03
7.291745e+01,1.827553e-01,-6.340124e+04,6.340124e+04,1.105724e+01,-2.491413e-03
7.303487e+01,1.941540e-01,-6.328095e+04,6.328095e+04,1.105534e+01,-2.855011e-03
7.315229e+01,1.875641e-01,-6.337163e+04,6.337163e+04,1.105677e+01,-2.877211e-03
7.326971e+01,2.005953e-01,-6.328481e+04,6.328481e+04,1.105540e+01,-2.562927e-03
7.338713e+01,1.946750e-01,-6.325549e+04,6.325549e+04,1.105494e+01,-1.898450e-03
7.350455e+01,1.821886e-01,-6.325768e+04,6.325768e+04,1.105497e+01,-9.252419e-04
7.362197e+01,1.699819e-01,-6.325987e+04,6.325987e+04,1.105501e+01,-9.847383e-04
7.373939e+01,1.669913e-01,-6.326206e+04,6.326206e+04,1.105504e+01,1.934309e-05
7.385681e+01,1.722379e-01,-6.326633e+04,6.326633e+04,1.105511e+01,2.960965e-04
7.397422e+01,1.783869e-01,-6.326704e+04,6.326704e+04,1.105512e+01,2.900918e-04
7.409164e+01,1.714653e-01,-6.326863e+04,6.326863e+04,1.105514e+01,2.840871e-04
7.420906e+01,1.855753e-01,-6.327082e+04,6.327082e+04,1.105518e+01,2.780825e-04
7.432648e+01,1.822792e-01,-6.327301e+04,6.327301e+04,1.105521e+01,2.321375e-04
7.444390e+01,1.668751e-01,-6.327520e+04,6.327520e+04,1.105525e+01,2.065912e-04
7.456132e+01,1.793198e-01,-6.327739e+04,6.327739e+04,1.105528e+01,1.790431e-04
7.467874e+01,1.850258e-01,-6.327958e+04,6.327958e+04,1.105532e+01,2.049357e-04
7.479616e+01,1.750192e-01,-6.327732e+04,6.327732e+04,1.105528e+01,2.449577e-04
7.491358e+01,1.814466e-01,-6.327807e+04,6.327807e+04,1.105529e+01,2.314951e-04
7.503100e+01,1.679475e-01,-6.327990e+04,6.327990e+04,1.105532e+01,2.719371e-04
7.514842e+01,1.625962e-01,-6.328708e+04,6.328708e+04,1.105544e+01,-7.863990e-04
7.526584e+01,1.686873e-01,-6.329053e+04,6.329053e+04,1.105549e+01,-1.821342e-03
7.538326e+01,1.713815e-01,-6.328676e+04,6.328676e+04,1.105543e+01,-1.509740e-03
7.550068e+01,1.586062e-01,-6.329346e+04,6.329346e+04,1.105554e+01,-1.963000e-03
7.561810e+01,1.530027e-01,-6.317292e+04,6.317292e+04,1.105363e+01,-1.334649e-03
7.573552e+01,1.491071e-01,-6.314670e+04,6.314670e+04,1.105322e+01,-1.403781e-03
7.585294e+01,1.507584e-01,-6.326621e+04,6.326621e+04,1.105511e+01,-1.408956e-03
7.597035e+01,1.583070e-01,-6.317732e+04,6.317732e+04,1.105370e+01,-1.138419e-03
7.608777e+01,1.530705e-01,-6.327030e+04,6.327030e+04,1.105517e+01,-5.693121e-04
7.620519e+01,1.492554e-01,-6.318126e+04,6.318126e+04,1.105376e+01,-1.038936e-03
7.632261e+01,1.632734e-01,-6.315764e+04,6.315764e+04,1.105339e+01,-1.654806e-03
7.644003e+01,1.782869e-01,-6.315983e+04,6.315983e+04,1.105342e+01,-1.019963e-03
7.655745e+01,1.646305e-01,-6.315298e+04,6.315298e+04,1.105332e+01,-2.093500e-03
7.667487e+01,1.527602e-01,-6.315285e+04,6.315285e+04,1.105331e+01,-2.019616e-03
7.679229e+01,1.482355e-01,-6.316434e+04,6.316434e+04,1.105350e+01,-1.447821e-03
7.690971e+01,1.524819e-01,-6.315861e+04,6.315861e+04,1.105340e+01,-8.387204e-04
7.702713e+01,1.494757e-01,-6.305278e+04,6.305278e+04,1.105173e+01,-2.024517e-04
7.714455e+01,1.379662e-01,-6.303320e+04,6.303320e+04,1.105142e+01,3.602041e-04
7.726197e+01,1.416019e-01,-6.314036e+04,6.314036e+04,1.105312e+01,-2.383473e-04
7.737939e+01,1.518905e-01,-6.316380e+04,6.316380e+04,1.105349e+01,4.737261e-04
7.749681e+01,1.390889e-01,-6.316563e+04,6.316563e+04,1.105352e+01,3.761480e-04
7.761423e+01,1.364231e-01,-6.316745e+04,6.316745e+04,1.105354e+01,-8.700125e-04
7.773165e+01,1.315879e-01,-6.304216e+04,6.304216e+04,1.105156e+01,-2.283382e-03
7.784907e+01,1.255198e-01,-6.314579e+04,6.314579e+04,1.105320e+01,-2.486991e-03
7.796648e+01,1.139878e-01,-6.305832e+04,6.305832e+04,1.105182e+01,-2.186809e-03
7.808390e+01,1.159198e-01,-6.303790e+04,6.303790e+04,1.105149e+01,-2.734155e-03
7.820132e+01,1.280829e-01,-6.304009e+04,6.304009e+04,1.105153e+01,-1.746199e-03
7.831874e+01,1.274193e-01,-6.304228e+04,6.304228e+04,1.105156e+01,-1.608670e-03
7.843616e+01,1.111792e-01,-6.304447e+04,6.304447e+04,1.105160e+01,-3.057901e-04
7.855358e+01,1.049672e-01,-6.291840e+04,6.291840e+04,1.104959e+01,-7.783467e-04
7.867100e+01,9.457957e-02,-6.302467e+04,6.302467e+04,1.105128e+01,-1.383863e-03
7.878842e+01,8.571584e-02,-6.305103e+04,6.305103e+04,1.105170e+01,-1.685070e-03
7.890584e+01,8.862913e-02,-6.305322e+04,6.305322e+04,1.105173e+01,-1.682800e-03
7.902326e+01,9.892170e-02,-6.294227e+04,6.294227e+04,1.104997e+01,-3.640339e-04
7.914068e+01,8.932034e-02,-6.292404e+04,6.292404e+04,1.104968e+01,-4.222103e-04
7.925810e+01,8.330370e-02,-6.292659e+04,6.292659e+04,1.104972e+01,4.119043e-04
7.937552e+01,8.267908e-02,-6.292915e+04,6.292915e+04,1.104976e+01,4.982069e-04
7.949294e+01,6.962733e-02,-6.304418e+04,6.304418e+04,1.105159e+01,7.094835e-04
7.961036e+01,7.379744e-02,-6.304895e+04,6.304895e+04,1.105167e+01,-9.996838e-06
7.972778e+01,5.677260e-02,-6.304770e+04,6.304770e+04,1.105165e+01,-1.877341e-03
7.984520e+01,6.477835e-02,-6.293756e+04,6.293756e+04,1.104990e+01,-1.604251e-03
7.996261e+01,6.554495e-02,-6.292034e+04,6.292034e+04,1.104962e+01,-3.378323e-04
8.008003e+01,5.547752e-02,-6.292253e+04,6.292253e+04,1.104966e+01,-4.867048e-04
8.019745e+01,0.000000e+00,-6.281327e+04,6.281327e+04,1.104792e+01,-2.017004e-03
8.031487e+01,6.501665e-01,-6.301955e+04,6.301955e+04,1.105120e+01,-5.210271e-03
8.043229e+01,9.532282e-01,-6.315000e+04,6.315000e+04,1.105327e+01,-9.823784e-03
8.054971e+01,1.000000e+00,-6.290421e+04,6.290421e+04,1.104937e+01,-1.672899e-02
8.066713e+01,6.356658e-01,-6.271055e+04,6.271055e+04,1.104629e+01,-2.197790e-02
8.078455e+01,4.397311e-01,-6.244462e+04,6.244462e+04,1.104204e+01,-2.762204e-02
8.090197e+01,3.902448e-01,-6.227508e+04,6.227508e+04,1.103932e+01,-3.178162e-02
8.101939e+01,3.902514e-01,-6.188152e+04,6.188152e+04,1.103298e+01,-3.188614e-02
8.113681e+01,4.229629e-01,-6.180185e+04,6.180185e+04,1.103169e+01,-3.257658e-02
