Distance,SEM_norm,I_raw,abs_I,ln_abs_I,deriv_ln_I,Voltage_V,Resistance_Ohm
0.000000e+00,8.999181e-01,1.788162e+05,1.788162e+05,1.209411e+01,2.306526e-03,6.080890e+00,3.400637e+04
1.186041e-01,7.627935e-01,1.790186e+05,1.790186e+05,1.209524e+01,2.597671e-03,6.075644e+00,3.393862e+04
2.372082e-01,8.076291e-01,1.790427e+05,1.790427e+05,1.209538e+01,1.774517e-03,6.077359e+00,3.394362e+04
3.558123e-01,8.306516e-01,1.790620e+05,1.790620e+05,1.209549e+01,1.263144e-03,6.078240e+00,3.394489e+04
4.744164e-01,8.331850e-01,1.790392e+05,1.790392e+05,1.209536e+01,1.341644e-03,6.078337e+00,3.394975e+04
5.930206e-01,8.705726e-01,1.791860e+05,1.791860e+05,1.209618e+01,8.291726e-04,6.079767e+00,3.392992e+04
7.116247e-01,8.867679e-01,1.790573e+05,1.790573e+05,1.209546e+01,8.770125e-04,6.080387e+00,3.395776e+04
8.302288e-01,8.766345e-01,1.790521e+05,1.790521e+05,1.209543e+01,8.728001e-04,6.079999e+00,3.395659e+04
9.488329e-01,8.888588e-01,1.791800e+05,1.791800e+05,1.209615e+01,8.172270e-04,6.080467e+00,3.393496e+04
1.067437e+00,9.242991e-01,1.791802e+05,1.791802e+05,1.209615e+01,5.623093e-04,6.081822e+00,3.394248e+04
1.186041e+00,9.063382e-01,1.791966e+05,1.791966e+05,1.209624e+01,7.573721e-04,6.081135e+00,3.393555e+04
1.304645e+00,9.291183e-01,1.791943e+05,1.791943e+05,1.209623e+01,4.392310e-04,6.082007e+00,3.394084e+04
1.423249e+00,9.239308e-01,1.791917e+05,1.791917e+05,1.209621e+01,4.654474e-04,6.081808e+00,3.394023e+04
1.541853e+00,9.230585e-01,1.791891e+05,1.791891e+05,1.209620e+01,7.718768e-04,6.081775e+00,3.394053e+04
1.660458e+00,9.520492e-01,1.791865e+05,1.791865e+05,1.209618e+01,9.524594e-04,6.082884e+00,3.394721e+04
1.779062e+00,9.278435e-01,1.791840e+05,1.791840e+05,1.209617e+01,1.072613e-03,6.081958e+00,3.394254e+04
1.897666e+00,9.479526e-01,1.793320e+05,1.793320e+05,1.209699e+01,1.074162e-03,6.082727e+00,3.391881e+04
2.016270e+00,9.264793e-01,1.793314e+05,1.793314e+05,1.209699e+01,9.560930e-04,6.081906e+00,3.391435e+04
2.134874e+00,9.740478e-01,1.793288e+05,1.793288e+05,1.209698e+01,1.147534e-03,6.083726e+00,3.392499e+04
2.253478e+00,9.720621e-01,1.793262e+05,1.793262e+05,1.209696e+01,1.116947e-03,6.083650e+00,3.392505e+04
2.372082e+00,9.684900e-01,1.793236e+05,1.793236e+05,1.209695e+01,8.594011e-04,6.083513e+00,3.392478e+04
2.490686e+00,9.701541e-01,1.793210e+05,1.793210e+05,1.209693e+01,1.006546e-03,6.083577e+00,3.392563e+04
2.609290e+00,9.936565e-01,1.794553e+05,1.794553e+05,1.209768e+01,1.040638e-03,6.084476e+00,3.390524e+04
2.727895e+00,9.606896e-01,1.794543e+05,1.794543e+05,1.209768e+01,9.552026e-04,6.083215e+00,3.389841e+04
2.846499e+00,9.677769e-01,1.794521e+05,1.794521e+05,1.209766e+01,7.502386e-04,6.083486e+00,3.390034e+04
2.965103e+00,9.664130e-01,1.794631e+05,1.794631e+05,1.209772e+01,4.627549e-04,6.083434e+00,3.389796e+04
3.083707e+00,9.753256e-01,1.794606e+05,1.794606e+05,1.209771e+01,9.579566e-06,6.083775e+00,3.390034e+04
3.202311e+00,9.615357e-01,1.794580e+05,1.794580e+05,1.209770e+01,-2.684693e-05,6.083247e+00,3.389789e+04
3.320915e+00,9.531332e-01,1.794554e+05,1.794554e+05,1.209768e+01,-6.943203e-05,6.082926e+00,3.389658e+04
3.439519e+00,9.602449e-01,1.794646e+05,1.794646e+05,1.209773e+01,-8.911542e-05,6.083198e+00,3.389636e+04
3.558123e+00,9.941810e-01,1.794503e+05,1.794503e+05,1.209765e+01,3.396581e-04,6.084496e+00,3.390631e+04
3.676727e+00,9.812397e-01,1.794476e+05,1.794476e+05,1.209764e+01,2.411026e-04,6.084001e+00,3.390405e+04
3.795332e+00,9.526599e-01,1.794450e+05,1.794450e+05,1.209762e+01,5.533167e-04,6.082907e+00,3.389844e+04
3.913936e+00,9.737179e-01,1.794528e+05,1.794528e+05,1.209767e+01,7.823452e-04,6.083713e+00,3.390146e+04
4.032540e+00,9.792294e-01,1.795824e+05,1.795824e+05,1.209839e+01,9.647994e-04,6.083924e+00,3.387817e+04
4.151144e+00,9.807246e-01,1.794470e+05,1.794470e+05,1.209764e+01,9.830975e-04,6.083981e+00,3.390406e+04
4.269748e+00,9.687348e-01,1.795780e+05,1.795780e+05,1.209836e+01,8.742019e-04,6.083522e+00,3.387677e+04
4.388352e+00,9.752962e-01,1.795847e+05,1.795847e+05,1.209840e+01,6.155354e-04,6.083773e+00,3.387691e+04
4.506956e+00,1.000000e+00,1.795906e+05,1.795906e+05,1.209843e+01,2.781397e-04,6.084719e+00,3.388106e+04
4.625560e+00,9.972611e-01,1.795876e+05,1.795876e+05,1.209842e+01,3.675913e-04,6.084614e+00,3.388103e+04
4.744164e+00,9.740058e-01,1.795846e+05,1.795846e+05,1.209840e+01,-7.716528e-05,6.083724e+00,3.387664e+04
4.862769e+00,9.882841e-01,1.795743e+05,1.795743e+05,1.209834e+01,-1.168752e-04,6.084270e+00,3.388164e+04
4.981373e+00,9.741530e-01,1.795717e+05,1.795717e+05,1.209833e+01,-1.333534e-04,6.083730e+00,3.387911e+04
5.099977e+00,9.734305e-01,1.795758e+05,1.795758e+05,1.209835e+01,-1.220512e-04,6.083702e+00,3.387819e+04
5.218581e+00,9.579395e-01,1.795728e+05,1.795728e+05,1.209834e+01,-1.060310e-04,6.083109e+00,3.387545e+04
5.337185e+00,9.738360e-01,1.795698e+05,1.795698e+05,1.209832e+01,3.812871e-04,6.083718e+00,3.387940e+04
5.455789e+00,9.637958e-01,1.795669e+05,1.795669e+05,1.209830e+01,7.077820e-04,6.083333e+00,3.387782e+04
5.574393e+00,9.641803e-01,1.795639e+05,1.795639e+05,1.209829e+01,9.152055e-04,6.083348e+00,3.387846e+04
5.692997e+00,9.784524e-01,1.795624e+05,1.795624e+05,1.209828e+01,1.039496e-03,6.083894e+00,3.388178e+04
5.811601e+00,9.565446e-01,1.797105e+05,1.797105e+05,1.209910e+01,1.044422e-03,6.083056e+00,3.384919e+04
5.930206e+00,9.686848e-01,1.797035e+05,1.797035e+05,1.209906e+01,9.299794e-04,6.083520e+00,3.385310e+04
6.048810e+00,9.675298e-01,1.797010e+05,1.797010e+05,1.209905e+01,6.961675e-04,6.083476e+00,3.385333e+04
6.167414e+00,9.760950e-01,1.797017e+05,1.797017e+05,1.209905e+01,3.355599e-04,6.083804e+00,3.385502e+04
6.286018e+00,9.684253e-01,1.796987e+05,1.796987e+05,1.209904e+01,-5.990833e-04,6.083511e+00,3.385395e+04
6.404622e+00,9.851808e-01,1.796957e+05,1.796957e+05,1.209902e+01,-4.772842e-04,6.084152e+00,3.385807e+04
6.523226e+00,9.783320e-01,1.796928e+05,1.796928e+05,1.209900e+01,-3.670033e-04,6.083890e+00,3.385718e+04
6.641830e+00,9.398727e-01,1.796874e+05,1.796874e+05,1.209897e+01,-2.495293e-04,6.082418e+00,3.384999e+04
6.760434e+00,9.548531e-01,1.795367e+05,1.795367e+05,1.209813e+01,3.365126e-04,6.082991e+00,3.388160e+04
6.879038e+00,9.269467e-01,1.796828e+05,1.796828e+05,1.209895e+01,3.525632e-04,6.081924e+00,3.384812e+04
6.997643e+00,9.534217e-01,1.796809e+05,1.796809e+05,1.209894e+01,3.799144e-04,6.082937e+00,3.385411e+04
7.116247e+00,9.585517e-01,1.796807e+05,1.796807e+05,1.209894e+01,4.248582e-04,6.083133e+00,3.385523e+04
7.234851e+00,9.675334e-01,1.798247e+05,1.798247e+05,1.209974e+01,9.242165e-04,6.083476e+00,3.383005e+04
7.353455e+00,9.475561e-01,1.796768e+05,1.796768e+05,1.209892e+01,7.244063e-04,6.082712e+00,3.385362e+04
7.472059e+00,9.748291e-01,1.796787e+05,1.796787e+05,1.209893e+01,8.673928e-04,6.083756e+00,3.385908e+04
7.590663e+00,9.536309e-01,1.796838e+05,1.796838e+05,1.209895e+01,8.875495e-04,6.082945e+00,3.385361e+04
7.709267e+00,9.870200e-01,1.798335e+05,1.798335e+05,1.209979e+01,7.889285e-04,6.084222e+00,3.383253e+04
7.827871e+00,9.727831e-01,1.798350e+05,1.798350e+05,1.209979e+01,1.133692e-03,6.083677e+00,3.382922e+04
7.946475e+00,9.469902e-01,1.798365e+05,1.798365e+05,1.209980e+01,9.035209e-04,6.082691e+00,3.382345e+04
8.065080e+00,9.589319e-01,1.798379e+05,1.798379e+05,1.209981e+01,5.420468e-04,6.083147e+00,3.382572e+04
8.183684e+00,9.655460e-01,1.798394e+05,1.798394e+05,1.209982e+01,8.936620e-05,6.083400e+00,3.382684e+04
8.302288e+00,9.502109e-01,1.798410e+05,1.798410e+05,1.209983e+01,9.797701e-05,6.082814e+00,3.382329e+04
8.420892e+00,9.629253e-01,1.798460e+05,1.798460e+05,1.209986e+01,1.039812e-04,6.083300e+00,3.382505e+04
8.539496e+00,9.642539e-01,1.798440e+05,1.798440e+05,1.209985e+01,1.070893e-04,6.083351e+00,3.382571e+04
8.658100e+00,9.568587e-01,1.798498e+05,1.798498e+05,1.209988e+01,1.070116e-04,6.083068e+00,3.382304e+04
8.776704e+00,9.736808e-01,1.798517e+05,1.798517e+05,1.209989e+01,1.177060e-04,6.083712e+00,3.382627e+04
8.895308e+00,9.529938e-01,1.798535e+05,1.798535e+05,1.209990e+01,5.629934e-04,6.082920e+00,3.382153e+04
9.013912e+00,9.444524e-01,1.798554e+05,1.798554e+05,1.209991e+01,9.036577e-04,6.082593e+00,3.381936e+04
9.132517e+00,9.271736e-01,1.798572e+05,1.798572e+05,1.209992e+01,1.135775e-03,6.081932e+00,3.381534e+04
9.251121e+00,9.472796e-01,1.798636e+05,1.798636e+05,1.209995e+01,1.222409e-03,6.082702e+00,3.381841e+04
9.369725e+00,9.135795e-01,1.800068e+05,1.800068e+05,1.210075e+01,7.793774e-04,6.081412e+00,3.378434e+04
9.488329e+00,9.507580e-01,1.800086e+05,1.800086e+05,1.210076e+01,7.932404e-04,6.082835e+00,3.379192e+04
9.606933e+00,9.501082e-01,1.800170e+05,1.800170e+05,1.210081e+01,7.135286e-04,6.082810e+00,3.379020e+04
9.725537e+00,9.460575e-01,1.800064e+05,1.800064e+05,1.210075e+01,4.976769e-04,6.082655e+00,3.379133e+04
9.844141e+00,9.407796e-01,1.798736e+05,1.798736e+05,1.210001e+01,6.060256e-04,6.082453e+00,3.381514e+04
9.962745e+00,9.293553e-01,1.800231e+05,1.800231e+05,1.210084e+01,1.021039e-03,6.082016e+00,3.378464e+04
1.008135e+01,9.452121e-01,1.800332e+05,1.800332e+05,1.210090e+01,9.126187e-04,6.082622e+00,3.378611e+04
1.019995e+01,9.264364e-01,1.800318e+05,1.800318e+05,1.210089e+01,1.229331e-03,6.081904e+00,3.378239e+04
1.031856e+01,9.274324e-01,1.801713e+05,1.801713e+05,1.210166e+01,1.016703e-03,6.081942e+00,3.375644e+04
1.043716e+01,9.302418e-01,1.801673e+05,1.801673e+05,1.210164e+01,6.791450e-04,6.082050e+00,3.375778e+04
1.055577e+01,9.332771e-01,1.800376e+05,1.800376e+05,1.210092e+01,6.822591e-04,6.082166e+00,3.378276e+04
1.067437e+01,9.327226e-01,1.801705e+05,1.801705e+05,1.210166e+01,5.642407e-04,6.082145e+00,3.375771e+04
1.079297e+01,9.244491e-01,1.800526e+05,1.800526e+05,1.210100e+01,3.666717e-04,6.081828e+00,3.377807e+04
1.091158e+01,9.261589e-01,1.801902e+05,1.801902e+05,1.210177e+01,6.104020e-04,6.081894e+00,3.375263e+04
1.103018e+01,9.025903e-01,1.801916e+05,1.801916e+05,1.210178e+01,1.214790e-03,6.080992e+00,3.374737e+04
1.114879e+01,9.212717e-01,1.801822e+05,1.801822e+05,1.210172e+01,7.949110e-04,6.081707e+00,3.375309e+04
1.126739e+01,9.143035e-01,1.801958e+05,1.801958e+05,1.210180e+01,1.159169e-03,6.081440e+00,3.374907e+04
1.138599e+01,9.212598e-01,1.802037e+05,1.802037e+05,1.210184e+01,5.487941e-04,6.081706e+00,3.374906e+04
1.150460e+01,9.177471e-01,1.803325e+05,1.803325e+05,1.210256e+01,7.664296e-04,6.081572e+00,3.372421e+04
1.162320e+01,9.268327e-01,1.802076e+05,1.802076e+05,1.210186e+01,8.735852e-04,6.081919e+00,3.374951e+04
1.174181e+01,9.484007e-01,1.803353e+05,1.803353e+05,1.210257e+01,8.283673e-04,6.082744e+00,3.373019e+04
1.186041e+01,9.137315e-01,1.802115e+05,1.802115e+05,1.210189e+01,7.353072e-04,6.081418e+00,3.374601e+04
1.197902e+01,9.152293e-01,1.803446e+05,1.803446e+05,1.210262e+01,9.830125e-04,6.081475e+00,3.372141e+04
1.209762e+01,9.272160e-01,1.803461e+05,1.803461e+05,1.210263e+01,1.126126e-03,6.081934e+00,3.372367e+04
1.221622e+01,9.044086e-01,1.803476e+05,1.803476e+05,1.210264e+01,1.105492e-03,6.081061e+00,3.371856e+04
1.233483e+01,9.059380e-01,1.803567e+05,1.803567e+05,1.210269e+01,1.347420e-03,6.081120e+00,3.371719e+04
1.245343e+01,9.064481e-01,1.804963e+05,1.804963e+05,1.210347e+01,6.491290e-04,6.081139e+00,3.369121e+04
1.257204e+01,8.910039e-01,1.803748e+05,1.803748e+05,1.210279e+01,3.486868e-04,6.080549e+00,3.371063e+04
1.269064e+01,8.975460e-01,1.804891e+05,1.804891e+05,1.210343e+01,3.209873e-05,6.080799e+00,3.369068e+04
1.280924e+01,9.217768e-01,1.804840e+05,1.804840e+05,1.210340e+01,-3.494792e-04,6.081726e+00,3.369676e+04
1.292785e+01,8.965989e-01,1.803743e+05,1.803743e+05,1.210279e+01,-6.455781e-04,6.080763e+00,3.371191e+04
1.304645e+01,8.770767e-01,1.803761e+05,1.803761e+05,1.210280e+01,-3.881179e-04,6.080016e+00,3.370743e+04
1.316506e+01,8.725148e-01,1.803770e+05,1.803770e+05,1.210280e+01,-1.265480e-04,6.079841e+00,3.370630e+04
1.328366e+01,8.977568e-01,1.803620e+05,1.803620e+05,1.210272e+01,4.730888e-04,6.080807e+00,3.371446e+04
1.340226e+01,8.807108e-01,1.803817e+05,1.803817e+05,1.210283e+01,1.037770e-03,6.080155e+00,3.370716e+04
1.352087e+01,8.720439e-01,1.803911e+05,1.803911e+05,1.210288e+01,1.232510e-03,6.079823e+00,3.370357e+04
1.363947e+01,8.689729e-01,1.805180e+05,1.805180e+05,1.210359e+01,1.599392e-03,6.079706e+00,3.367922e+04
1.375808e+01,8.776474e-01,1.805195e+05,1.805195e+05,1.210359e+01,1.375618e-03,6.080038e+00,3.368079e+04
1.387668e+01,8.828941e-01,1.805222e+05,1.805222e+05,1.210361e+01,8.933949e-04,6.080238e+00,3.368139e+04
1.399529e+01,8.855112e-01,1.805501e+05,1.805501e+05,1.210376e+01,3.635947e-05,6.080339e+00,3.367673e+04
1.411389e+01,8.891486e-01,1.806471e+05,1.806471e+05,1.210430e+01,-3.111684e-04,6.080478e+00,3.365942e+04
1.423249e+01,8.721314e-01,1.805241e+05,1.805241e+05,1.210362e+01,7.671044e-05,6.079827e+00,3.367876e+04
1.435110e+01,8.701954e-01,1.804966e+05,1.804966e+05,1.210347e+01,-6.160190e-06,6.079753e+00,3.368347e+04
1.446970e+01,8.533042e-01,1.803853e+05,1.803853e+05,1.210285e+01,-5.818436e-05,6.079106e+00,3.370068e+04
1.458831e+01,8.552660e-01,1.805380e+05,1.805380e+05,1.210370e+01,3.649627e-04,6.079181e+00,3.367258e+04
1.470691e+01,8.513309e-01,1.806523e+05,1.806523e+05,1.210433e+01,1.151332e-03,6.079031e+00,3.365044e+04
1.482551e+01,8.459179e-01,1.805328e+05,1.805328e+05,1.210367e+01,1.430329e-03,6.078824e+00,3.367157e+04
1.494412e+01,8.534517e-01,1.805427e+05,1.805427e+05,1.210372e+01,1.476906e-03,6.079112e+00,3.367133e+04
1.506272e+01,8.633761e-01,1.806655e+05,1.806655e+05,1.210440e+01,9.364337e-04,6.079492e+00,3.365054e+04
1.518133e+01,8.662207e-01,1.806898e+05,1.806898e+05,1.210454e+01,6.524901e-04,6.079601e+00,3.364661e+04
1.529993e+01,8.641420e-01,1.806913e+05,1.806913e+05,1.210455e+01,3.625302e-04,6.079521e+00,3.364589e+04
1.541853e+01,8.812532e-01,1.806928e+05,1.806928e+05,1.210455e+01,-2.270944e-04,6.080176e+00,3.364924e+04
1.553714e+01,8.525145e-01,1.806925e+05,1.806925e+05,1.210455e+01,-7.761062e-04,6.079076e+00,3.364321e+04
1.565574e+01,8.492448e-01,1.806607e+05,1.806607e+05,1.210438e+01,-4.851279e-04,6.078951e+00,3.364844e+04
1.577435e+01,8.390910e-01,1.805465e+05,1.805465e+05,1.210374e+01,2.351328e-04,6.078563e+00,3.366757e+04
1.589295e+01,8.437995e-01,1.805732e+05,1.805732e+05,1.210389e+01,9.382213e-04,6.078743e+00,3.366359e+04
1.601155e+01,8.318506e-01,1.805840e+05,1.805840e+05,1.210395e+01,1.494078e-03,6.078286e+00,3.365904e+04
1.613016e+01,8.513481e-01,1.807107e+05,1.807107e+05,1.210465e+01,1.569942e-03,6.079032e+00,3.363957e+04
1.624876e+01,8.364234e-01,1.808297e+05,1.808297e+05,1.210531e+01,1.445641e-03,6.078461e+00,3.361429e+04
1.636737e+01,8.374217e-01,1.808573e+05,1.808573e+05,1.210546e+01,1.237311e-03,6.078499e+00,3.360937e+04
1.648597e+01,8.328023e-01,1.808495e+05,1.808495e+05,1.210542e+01,4.620791e-04,6.078322e+00,3.360983e+04
1.660458e+01,8.361514e-01,1.807347e+05,1.807347e+05,1.210479e+01,-3.744917e-04,6.078450e+00,3.363189e+04
1.672318e+01,8.252742e-01,1.807207e+05,1.807207e+05,1.210471e+01,-8.441271e-04,6.078034e+00,3.363220e+04
1.684178e+01,8.215313e-01,1.808515e+05,1.808515e+05,1.210543e+01,-1.159879e-03,6.077891e+00,3.360708e+04
1.696039e+01,8.158244e-01,1.807121e+05,1.807121e+05,1.210466e+01,-8.423376e-04,6.077673e+00,3.363180e+04
1.707899e+01,8.097541e-01,1.807136e+05,1.807136e+05,1.210467e+01,-4.117067e-04,6.077440e+00,3.363024e+04
1.719760e+01,8.022583e-01,1.807055e+05,1.807055e+05,1.210462e+01,-8.546157e-06,6.077154e+00,3.363015e+04
1.731620e+01,7.937846e-01,1.806051e+05,1.806051e+05,1.210407e+01,1.092936e-05,6.076829e+00,3.364706e+04
1.743480e+01,7.777676e-01,1.807180e+05,1.807180e+05,1.210469e+01,4.329628e-04,6.076217e+00,3.362264e+04
1.755341e+01,8.059037e-01,1.807292e+05,1.807292e+05,1.210476e+01,5.110116e-04,6.077293e+00,3.362651e+04
1.767201e+01,8.116439e-01,1.808338e+05,1.808338e+05,1.210533e+01,5.950810e-04,6.077513e+00,3.360827e+04
1.779062e+01,7.956777e-01,1.807527e+05,1.807527e+05,1.210489e+01,9.046057e-04,6.076902e+00,3.361997e+04
1.790922e+01,7.991129e-01,1.807267e+05,1.807267e+05,1.210474e+01,2.992145e-04,6.077033e+00,3.362554e+04
1.802782e+01,7.827688e-01,1.807592e+05,1.807592e+05,1.210492e+01,3.252952e-04,6.076408e+00,3.361605e+04
1.814643e+01,7.781332e-01,1.807710e+05,1.807710e+05,1.210499e+01,-1.167190e-04,6.076231e+00,3.361286e+04
1.826503e+01,7.806185e-01,1.808680e+05,1.808680e+05,1.210552e+01,-3.393776e-05,6.076326e+00,3.359536e+04
1.838364e+01,7.917950e-01,1.807400e+05,1.807400e+05,1.210481e+01,-2.850491e-04,6.076753e+00,3.362152e+04
1.850224e+01,7.809944e-01,1.808355e+05,1.808355e+05,1.210534e+01,-5.822600e-04,6.076340e+00,3.360147e+04
1.862085e+01,7.857129e-01,1.807004e+05,1.807004e+05,1.210460e+01,-6.270673e-04,6.076521e+00,3.362761e+04
1.873945e+01,7.896758e-01,1.807312e+05,1.807312e+05,1.210477e+01,-5.834112e-04,6.076672e+00,3.362271e+04
1.885805e+01,7.760725e-01,1.806995e+05,1.806995e+05,1.210459e+01,4.495639e-05,6.076152e+00,3.362573e+04
1.897666e+01,7.756718e-01,1.807039e+05,1.807039e+05,1.210461e+01,-6.575673e-05,6.076136e+00,3.362483e+04
1.909526e+01,7.825224e-01,1.807388e+05,1.807388e+05,1.210481e+01,5.502972e-04,6.076398e+00,3.361978e+04
1.921387e+01,7.850457e-01,1.807473e+05,1.807473e+05,1.210486e+01,7.291414e-04,6.076495e+00,3.361873e+04
1.933247e+01,7.782802e-01,1.808082e+05,1.808082e+05,1.210519e+01,6.180018e-04,6.076236e+00,3.360597e+04
1.945107e+01,7.796194e-01,1.807156e+05,1.807156e+05,1.210468e+01,6.095399e-04,6.076287e+00,3.362348e+04
1.956968e+01,7.483188e-01,1.808238e+05,1.808238e+05,1.210528e+01,7.303050e-04,6.075090e+00,3.359674e+04
1.968828e+01,7.521950e-01,1.808492e+05,1.808492e+05,1.210542e+01,-1.628013e-04,6.075238e+00,3.359284e+04
1.980689e+01,7.567392e-01,1.807546e+05,1.807546e+05,1.210490e+01,-1.118601e-03,6.075412e+00,3.361137e+04
1.992549e+01,7.508554e-01,1.808332e+05,1.808332e+05,1.210533e+01,-1.550777e-03,6.075187e+00,3.359554e+04
2.004409e+01,7.472895e-01,1.809027e+05,1.809027e+05,1.210571e+01,-2.172277e-03,6.075051e+00,3.358187e+04
2.016270e+01,7.251615e-01,1.805827e+05,1.805827e+05,1.210394e+01,-1.803133e-03,6.074204e+00,3.363668e+04
2.028130e+01,7.329490e-01,1.805129e+05,1.805129e+05,1.210356e+01,-1.169166e-03,6.074502e+00,3.365134e+04
2.039991e+01,7.403952e-01,1.805465e+05,1.805465e+05,1.210374e+01,-3.708892e-04,6.074787e+00,3.364666e+04
2.051851e+01,7.401483e-01,1.805360e+05,1.805360e+05,1.210369e+01,4.967868e-04,6.074777e+00,3.364857e+04
2.063712e+01,7.416101e-01,1.806743e+05,1.806743e+05,1.210445e+01,1.694088e-03,6.074833e+00,3.362312e+04
2.075572e+01,7.489377e-01,1.806903e+05,1.806903e+05,1.210454e+01,1.773997e-03,6.075114e+00,3.362170e+04
2.087432e+01,7.316212e-01,1.808216e+05,1.808216e+05,1.210527e+01,1.550282e-03,6.074451e+00,3.359362e+04
2.099293e+01,7.282555e-01,1.807625e+05,1.807625e+05,1.210494e+01,1.110636e-03,6.074322e+00,3.360389e+04
2.111153e+01,7.277077e-01,1.807640e+05,1.807640e+05,1.210495e+01,4.473556e-04,6.074301e+00,3.360350e+04
2.123014e+01,7.268097e-01,1.807699e+05,1.807699e+05,1.210498e+01,3.727866e-05,6.074267e+00,3.360220e+04
2.134874e+01,7.127939e-01,1.808065e+05,1.808065e+05,1.210518e+01,-2.039742e-04,6.073731e+00,3.359244e+04
2.146734e+01,7.129295e-01,1.807684e+05,1.807684e+05,1.210497e+01,1.332672e-04,6.073736e+00,3.359954e+04
2.158595e+01,6.986537e-01,1.807652e+05,1.807652e+05,1.210495e+01,-5.329288e-05,6.073190e+00,3.359712e+04
2.170455e+01,7.081017e-01,1.807309e+05,1.807309e+05,1.210476e+01,-2.407243e-04,6.073551e+00,3.360549e+04
2.182316e+01,7.154205e-01,1.807794e+05,1.807794e+05,1.210503e+01,-6.591356e-04,6.073831e+00,3.359803e+04
2.194176e+01,6.943594e-01,1.808236e+05,1.808236e+05,1.210528e+01,-7.994652e-04,6.073026e+00,3.358536e+04
2.206036e+01,7.102543e-01,1.807295e+05,1.807295e+05,1.210476e+01,-8.439904e-04,6.073634e+00,3.360621e+04
2.217897e+01,6.897455e-01,1.807191e+05,1.807191e+05,1.210470e+01,-1.227307e-03,6.072849e+00,3.360380e+04
2.229757e+01,6.963082e-01,1.806262e+05,1.806262e+05,1.210419e+01,-1.395286e-03,6.073100e+00,3.362248e+04
2.241618e+01,6.758322e-01,1.806340e+05,1.806340e+05,1.210423e+01,-9.624416e-04,6.072317e+00,3.361668e+04
2.253478e+01,6.632708e-01,1.806693e+05,1.806693e+05,1.210442e+01,-1.893009e-04,6.071836e+00,3.360747e+04
2.265339e+01,6.740793e-01,1.805397e+05,1.805397e+05,1.210371e+01,1.315743e-05,6.072250e+00,3.363388e+04
2.277199e+01,6.930982e-01,1.805952e+05,1.805952e+05,1.210401e+01,2.700364e-04,6.072977e+00,3.362756e+04
2.289059e+01,6.820117e-01,1.806939e+05,1.806939e+05,1.210456e+01,3.495485e-04,6.072553e+00,3.360686e+04
2.300920e+01,6.732009e-01,1.807267e+05,1.807267e+05,1.210474e+01,2.803726e-04,6.072216e+00,3.359889e+04
2.312780e+01,6.615952e-01,1.806366e+05,1.806366e+05,1.210424e+01,3.287600e-04,6.071772e+00,3.361319e+04
2.324641e+01,6.707997e-01,1.806438e+05,1.806438e+05,1.210428e+01,-2.575534e-04,6.072124e+00,3.361380e+04
2.336501e+01,6.486037e-01,1.806841e+05,1.806841e+05,1.210451e+01,-8.402796e-04,6.071275e+00,3.360160e+04
2.348361e+01,6.556665e-01,1.806410e+05,1.806410e+05,1.210427e+01,-1.242023e-03,6.071545e+00,3.361111e+04
2.360222e+01,6.629395e-01,1.806365e+05,1.806365e+05,1.210424e+01,-1.214502e-03,6.071824e+00,3.361349e+04
2.372082e+01,6.542681e-01,1.805864e+05,1.805864e+05,1.210396e+01,-1.579301e-03,6.071492e+00,3.362098e+04
2.383943e+01,6.641158e-01,1.805298e+05,1.805298e+05,1.210365e+01,-1.424497e-03,6.071869e+00,3.363361e+04
2.395803e+01,6.576668e-01,1.804483e+05,1.804483e+05,1.210320e+01,-7.141542e-04,6.071622e+00,3.364742e+04
2.407663e+01,6.519220e-01,1.804839e+05,1.804839e+05,1.210340e+01,2.037540e-05,6.071402e+00,3.363958e+04
2.419524e+01,6.299251e-01,1.804097e+05,1.804097e+05,1.210299e+01,5.879120e-04,6.070561e+00,3.364874e+04
2.431384e+01,6.416284e-01,1.805108e+05,1.805108e+05,1.210355e+01,1.012497e-03,6.071008e+00,3.363237e+04
2.443245e+01,6.404976e-01,1.806057e+05,1.806057e+05,1.210407e+01,1.315182e-03,6.070965e+00,3.361447e+04
2.455105e+01,6.342364e-01,1.806477e+05,1.806477e+05,1.210430e+01,9.883409e-04,6.070726e+00,3.360532e+04
2.466966e+01,6.517315e-01,1.806014e+05,1.806014e+05,1.210405e+01,9.534703e-04,6.071395e+00,3.361766e+04
2.478826e+01,6.369094e-01,1.806093e+05,1.806093e+05,1.210409e+01,4.076574e-04,6.070828e+00,3.361304e+04
2.490686e+01,6.346816e-01,1.806467e+05,1.806467e+05,1.210430e+01,2.589338e-04,6.070743e+00,3.360562e+04
2.502547e+01,6.266756e-01,1.805755e+05,1.805755e+05,1.210390e+01,7.248557e-04,6.070436e+00,3.361717e+04
2.514407e+01,6.191250e-01,1.806566e+05,1.806566e+05,1.210435e+01,9.449481e-04,6.070147e+00,3.360047e+04
2.526268e+01,6.200173e-01,1.806284e+05,1.806284e+05,1.210420e+01,9.302558e-04,6.070182e+00,3.360591e+04
2.538128e+01,6.144800e-01,1.806842e+05,1.806842e+05,1.210451e+01,7.924777e-04,6.069970e+00,3.359435e+04
2.549988e+01,6.026054e-01,1.808066e+05,1.808066e+05,1.210518e+01,3.154766e-04,6.069515e+00,3.356911e+04
2.561849e+01,6.011658e-01,1.807252e+05,1.807252e+05,1.210473e+01,-3.793586e-04,6.069460e+00,3.358393e+04
2.573709e+01,5.845389e-01,1.807270e+05,1.807270e+05,1.210474e+01,-7.561657e-04,6.068824e+00,3.358006e+04
2.585570e+01,5.931631e-01,1.807090e+05,1.807090e+05,1.210464e+01,-1.178835e-03,6.069154e+00,3.358524e+04
2.597430e+01,5.962422e-01,1.805781e+05,1.805781e+05,1.210392e+01,-1.343849e-03,6.069272e+00,3.361023e+04
2.609290e+01,5.923244e-01,1.805800e+05,1.805800e+05,1.210393e+01,-9.507779e-04,6.069122e+00,3.360905e+04
2.621151e+01,5.991514e-01,1.805818e+05,1.805818e+05,1.210394e+01,-7.366095e-04,6.069383e+00,3.361015e+04
2.633011e+01,5.790410e-01,1.805837e+05,1.805837e+05,1.210395e+01,-6.012625e-04,6.068614e+00,3.360555e+04
2.644872e+01,5.912077e-01,1.805855e+05,1.805855e+05,1.210396e+01,-7.846723e-05,6.069079e+00,3.360778e+04
2.656732e+01,5.898780e-01,1.805874e+05,1.805874e+05,1.210397e+01,1.998894e-04,6.069029e+00,3.360716e+04
2.668592e+01,5.861629e-01,1.805768e+05,1.805768e+05,1.210391e+01,5.218944e-05,6.068886e+00,3.360834e+04
2.680453e+01,5.911273e-01,1.805121e+05,1.805121e+05,1.210355e+01,1.171679e-04,6.069076e+00,3.362144e+04
2.692313e+01,5.831764e-01,1.806054e+05,1.806054e+05,1.210407e+01,-2.729352e-04,6.068772e+00,3.360238e+04
2.704174e+01,5.762354e-01,1.806645e+05,1.806645e+05,1.210440e+01,-8.355025e-04,6.068507e+00,3.358992e+04
2.716034e+01,5.812597e-01,1.805469e+05,1.805469e+05,1.210375e+01,-1.431139e-03,6.068699e+00,3.361287e+04
2.727895e+01,5.832960e-01,1.806046e+05,1.806046e+05,1.210407e+01,-1.711828e-03,6.068777e+00,3.360256e+04
2.739755e+01,5.789444e-01,1.804618e+05,1.804618e+05,1.210327e+01,-2.298072e-03,6.068610e+00,3.362822e+04
2.751615e+01,5.642150e-01,1.803737e+05,1.803737e+05,1.210279e+01,-2.224193e-03,6.068047e+00,3.364152e+04
2.763476e+01,5.502361e-01,1.803079e+05,1.803079e+05,1.210242e+01,-1.036808e-03,6.067512e+00,3.365084e+04
2.775336e+01,5.382355e-01,1.803523e+05,1.803523e+05,1.210267e+01,-9.745297e-05,6.067053e+00,3.364001e+04
2.787197e+01,5.424865e-01,1.802790e+05,1.802790e+05,1.210226e+01,1.291126e-03,6.067215e+00,3.365459e+04
2.799057e+01,5.551821e-01,1.803160e+05,1.803160e+05,1.210247e+01,2.103176e-03,6.067701e+00,3.365038e+04
2.810917e+01,5.527906e-01,1.805273e+05,1.805273e+05,1.210364e+01,2.408761e-03,6.067610e+00,3.361048e+04
2.822778e+01,5.614641e-01,1.805603e+05,1.805603e+05,1.210382e+01,2.076375e-03,6.067941e+00,3.360617e+04
2.834638e+01,5.555460e-01,1.806358e+05,1.806358e+05,1.210424e+01,1.638004e-03,6.067715e+00,3.359087e+04
2.846499e+01,5.607125e-01,1.806370e+05,1.806370e+05,1.210424e+01,5.096402e-04,6.067913e+00,3.359176e+04
2.858359e+01,5.648743e-01,1.806283e+05,1.806283e+05,1.210420e+01,-1.062044e-03,6.068072e+00,3.359425e+04
2.870219e+01,5.576793e-01,1.805694e+05,1.805694e+05,1.210387e+01,-1.769683e-03,6.067797e+00,3.360369e+04
2.882080e+01,5.521331e-01,1.805451e+05,1.805451e+05,1.210374e+01,-1.933062e-03,6.067585e+00,3.360702e+04
2.893940e+01,5.356261e-01,1.804636e+05,1.804636e+05,1.210328e+01,-1.462989e-03,6.066953e+00,3.361872e+04
2.905801e+01,5.258650e-01,1.803211e+05,1.803211e+05,1.210249e+01,-9.199473e-04,6.066580e+00,3.364320e+04
2.917661e+01,5.174771e-01,1.803356e+05,1.803356e+05,1.210257e+01,-8.370328e-04,6.066259e+00,3.363872e+04
2.929522e+01,5.355500e-01,1.804211e+05,1.804211e+05,1.210305e+01,-1.355055e-03,6.066950e+00,3.362661e+04
2.941382e+01,5.433064e-01,1.804954e+05,1.804954e+05,1.210346e+01,-1.552549e-03,6.067247e+00,3.361442e+04
2.953242e+01,5.421317e-01,1.804823e+05,1.804823e+05,1.210339e+01,-1.299213e-03,6.067202e+00,3.361660e+04
2.965103e+01,5.298447e-01,1.803069e+05,1.803069e+05,1.210242e+01,-1.343414e-03,6.066732e+00,3.364670e+04
2.976963e+01,4.920453e-01,1.801074e+05,1.801074e+05,1.210131e+01,-9.107609e-04,6.065286e+00,3.367593e+04
2.988824e+01,5.026286e-01,1.801250e+05,1.801250e+05,1.210141e+01,-2.116159e-04,6.065691e+00,3.367490e+04
3.000684e+01,5.252790e-01,1.802664e+05,1.802664e+05,1.210219e+01,8.257468e-04,6.066557e+00,3.365329e+04
3.012544e+01,5.282900e-01,1.802996e+05,1.802996e+05,1.210238e+01,1.964162e-03,6.066672e+00,3.364773e+04
3.024405e+01,5.417002e-01,1.804291e+05,1.804291e+05,1.210309e+01,2.019992e-03,6.067185e+00,3.362642e+04
3.036265e+01,5.365296e-01,1.804311e+05,1.804311e+05,1.210310e+01,1.271198e-03,6.066988e+00,3.362495e+04
3.048126e+01,5.508455e-01,1.804494e+05,1.804494e+05,1.210321e+01,3.896199e-04,6.067535e+00,3.362458e+04
3.059986e+01,5.497086e-01,1.804867e+05,1.804867e+05,1.210341e+01,-1.655438e-04,6.067492e+00,3.361739e+04
3.071846e+01,5.357464e-01,1.803597e+05,1.803597e+05,1.210271e+01,-8.544121e-04,6.066958e+00,3.363811e+04
3.083707e+01,5.282809e-01,1.803642e+05,1.803642e+05,1.210273e+01,-9.938762e-04,6.066672e+00,3.363568e+04
3.095567e+01,5.228536e-01,1.803638e+05,1.803638e+05,1.210273e+01,-8.689168e-04,6.066464e+00,3.363460e+04
3.107428e+01,5.101941e-01,1.803514e+05,1.803514e+05,1.210266e+01,-8.103547e-04,6.065980e+00,3.363423e+04
3.119288e+01,5.087549e-01,1.802882e+05,1.802882e+05,1.210231e+01,-4.780990e-04,6.065925e+00,3.364571e+04
3.131149e+01,4.999025e-01,1.802997e+05,1.802997e+05,1.210238e+01,-4.819390e-04,6.065586e+00,3.364168e+04
3.143009e+01,4.938888e-01,1.803497e+05,1.803497e+05,1.210265e+01,-3.737373e-04,6.065356e+00,3.363108e+04
3.154869e+01,4.925782e-01,1.802852e+05,1.802852e+05,1.210230e+01,-2.039016e-05,6.065306e+00,3.364283e+04
3.166730e+01,4.994767e-01,1.802854e+05,1.802854e+05,1.210230e+01,2.860254e-04,6.065570e+00,3.364426e+04
3.178590e+01,4.901921e-01,1.802860e+05,1.802860e+05,1.210230e+01,3.382887e-04,6.065215e+00,3.364218e+04
3.190451e+01,4.996971e-01,1.802979e+05,1.802979e+05,1.210237e+01,3.394904e-04,6.065578e+00,3.364198e+04
3.202311e+01,4.946241e-01,1.803605e+05,1.803605e+05,1.210271e+01,3.071075e-04,6.065384e+00,3.362923e+04
3.214171e+01,4.898982e-01,1.803601e+05,1.803601e+05,1.210271e+01,3.459649e-05,6.065204e+00,3.362830e+04
3.226032e+01,4.837415e-01,1.803597e+05,1.803597e+05,1.210271e+01,-4.157280e-04,6.064968e+00,3.362706e+04
3.237892e+01,4.873211e-01,1.803468e+05,1.803468e+05,1.210264e+01,-7.666378e-04,6.065105e+00,3.363023e+04
3.249753e+01,4.703597e-01,1.802853e+05,1.802853e+05,1.210230e+01,-9.234832e-04,6.064456e+00,3.363810e+04
3.261613e+01,4.673974e-01,1.802728e+05,1.802728e+05,1.210223e+01,-1.222339e-03,6.064343e+00,3.363981e+04
3.273473e+01,4.653516e-01,1.802124e+05,1.802124e+05,1.210189e+01,-1.340397e-03,6.064265e+00,3.365064e+04
3.285334e+01,4.706985e-01,1.802253e+05,1.802253e+05,1.210196e+01,-1.188218e-03,6.064469e+00,3.364938e+04
3.297194e+01,4.742825e-01,1.802575e+05,1.802575e+05,1.210214e+01,-5.427911e-04,6.064606e+00,3.364413e+04
3.309055e+01,4.710786e-01,1.801238e+05,1.801238e+05,1.210140e+01,-2.532076e-04,6.064484e+00,3.366843e+04
3.320915e+01,4.661085e-01,1.801230e+05,1.801230e+05,1.210140e+01,8.193523e-05,6.064293e+00,3.366751e+04
3.332776e+01,4.454218e-01,1.801508e+05,1.801508e+05,1.210155e+01,2.531713e-04,6.063502e+00,3.365792e+04
3.344636e+01,4.420362e-01,1.802729e+05,1.802729e+05,1.210223e+01,4.489032e-04,6.063373e+00,3.363441e+04
3.356496e+01,4.390643e-01,1.802171e+05,1.802171e+05,1.210192e+01,8.013295e-04,6.063259e+00,3.364419e+04
3.368357e+01,4.284950e-01,1.802304e+05,1.802304e+05,1.210199e+01,9.865752e-04,6.062854e+00,3.363948e+04
3.380217e+01,4.404008e-01,1.802427e+05,1.802427e+05,1.210206e+01,8.925017e-04,6.063310e+00,3.363971e+04
3.392078e+01,4.409266e-01,1.802420e+05,1.802420e+05,1.210206e+01,3.091404e-04,6.063330e+00,3.363994e+04
3.403938e+01,4.366547e-01,1.802561e+05,1.802561e+05,1.210213e+01,3.709397e-05,6.063167e+00,3.363639e+04
3.415798e+01,4.420869e-01,1.803695e+05,1.803695e+05,1.210276e+01,-1.971012e-04,6.063374e+00,3.361641e+04
3.427659e+01,4.477665e-01,1.803422e+05,1.803422e+05,1.210261e+01,-5.607475e-04,6.063592e+00,3.362269e+04
3.439519e+01,4.366598e-01,1.802053e+05,1.802053e+05,1.210185e+01,-7.038804e-04,6.063167e+00,3.364588e+04
3.451380e+01,4.338542e-01,1.801662e+05,1.801662e+05,1.210163e+01,-1.076666e-03,6.063060e+00,3.365259e+04
3.463240e+01,4.241718e-01,1.802213e+05,1.802213e+05,1.210194e+01,-1.503893e-03,6.062689e+00,3.364024e+04
3.475100e+01,4.226982e-01,1.801644e+05,1.801644e+05,1.210162e+01,-1.496863e-03,6.062633e+00,3.365057e+04
3.486961e+01,4.357931e-01,1.802032e+05,1.802032e+05,1.210184e+01,-1.320902e-03,6.063134e+00,3.364610e+04
3.498821e+01,4.225454e-01,1.801206e+05,1.801206e+05,1.210138e+01,-1.469379e-03,6.062627e+00,3.365872e+04
3.510682e+01,4.208288e-01,1.800551e+05,1.800551e+05,1.210102e+01,-1.504888e-03,6.062561e+00,3.367059e+04
3.522542e+01,4.219250e-01,1.800025e+05,1.800025e+05,1.210073e+01,-9.064271e-04,6.062603e+00,3.368066e+04
3.534402e+01,4.276296e-01,1.799989e+05,1.799989e+05,1.210071e+01,-8.246260e-04,6.062821e+00,3.368254e+04
3.546263e+01,4.204825e-01,1.799802e+05,1.799802e+05,1.210060e+01,-4.102341e-04,6.062548e+00,3.368453e+04
3.558123e+01,4.176658e-01,1.800090e+05,1.800090e+05,1.210076e+01,4.361883e-06,6.062440e+00,3.367855e+04
3.569984e+01,4.171449e-01,1.801039e+05,1.801039e+05,1.210129e+01,2.773798e-04,6.062420e+00,3.366069e+04
3.581844e+01,4.147778e-01,1.799802e+05,1.799802e+05,1.210060e+01,5.695512e-04,6.062330e+00,3.368332e+04
3.593705e+01,4.130666e-01,1.799922e+05,1.799922e+05,1.210067e+01,7.460978e-04,6.062264e+00,3.368071e+04
3.605565e+01,4.222191e-01,1.800427e+05,1.800427e+05,1.210095e+01,7.820015e-04,6.062614e+00,3.367320e+04
3.617425e+01,4.160759e-01,1.800597e+05,1.800597e+05,1.210104e+01,8.983057e-04,6.062379e+00,3.366872e+04
3.629286e+01,4.149905e-01,1.801328e+05,1.801328e+05,1.210145e+01,1.002270e-03,6.062338e+00,3.365483e+04
3.641146e+01,4.179253e-01,1.801328e+05,1.801328e+05,1.210145e+01,4.523220e-04,6.062450e+00,3.365546e+04
3.653007e+01,4.237477e-01,1.801446e+05,1.801446e+05,1.210152e+01,-5.402770e-04,6.062673e+00,3.365448e+04
3.664867e+01,4.266074e-01,1.801755e+05,1.801755e+05,1.210169e+01,-1.498887e-03,6.062782e+00,3.364932e+04
3.676727e+01,4.287675e-01,1.800945e+05,1.800945e+05,1.210124e+01,-2.200016e-03,6.062865e+00,3.366491e+04
3.688588e+01,4.332942e-01,1.800373e+05,1.800373e+05,1.210092e+01,-2.311216e-03,6.063038e+00,3.367656e+04
3.700448e+01,4.235755e-01,1.798949e+05,1.798949e+05,1.210013e+01,-2.010361e-03,6.062666e+00,3.370116e+04
3.712309e+01,4.160543e-01,1.798184e+05,1.798184e+05,1.209970e+01,-1.365022e-03,6.062379e+00,3.371390e+04
3.724169e+01,4.205543e-01,1.798235e+05,1.798235e+05,1.209973e+01,-9.436163e-04,6.062551e+00,3.371390e+04
3.736029e+01,4.394334e-01,1.798620e+05,1.798620e+05,1.209995e+01,-8.456507e-04,6.063273e+00,3.371070e+04
3.747890e+01,4.405656e-01,1.799262e+05,1.799262e+05,1.210030e+01,-2.435084e-04,6.063316e+00,3.369890e+04
3.759750e+01,4.313732e-01,1.799701e+05,1.799701e+05,1.210055e+01,1.744533e-04,6.062965e+00,3.368874e+04
3.771611e+01,4.307315e-01,1.798163e+05,1.798163e+05,1.209969e+01,3.532430e-04,6.062940e+00,3.371742e+04
3.783471e+01,4.306124e-01,1.797242e+05,1.797242e+05,1.209918e+01,8.720008e-04,6.062936e+00,3.373467e+04
3.795332e+01,4.330646e-01,1.798643e+05,1.798643e+05,1.209996e+01,1.368794e-03,6.063029e+00,3.370892e+04
3.807192e+01,4.219750e-01,1.799400e+05,1.799400e+05,1.210038e+01,9.191063e-04,6.062605e+00,3.369236e+04
3.819052e+01,4.345566e-01,1.799705e+05,1.799705e+05,1.210055e+01,-5.020753e-04,6.063086e+00,3.368934e+04
3.830913e+01,4.090633e-01,1.801110e+05,1.801110e+05,1.210133e+01,-3.031381e-03,6.062111e+00,3.365763e+04
3.842773e+01,3.977902e-01,1.801277e+05,1.801277e+05,1.210142e+01,-5.498038e-03,6.061680e+00,3.365212e+04
3.854634e+01,3.789759e-01,1.798108e+05,1.798108e+05,1.209966e+01,-6.265413e-03,6.060960e+00,3.370743e+04
3.866494e+01,3.633686e-01,1.794168e+05,1.794168e+05,1.209747e+01,-5.546743e-03,6.060363e+00,3.377812e+04
3.878354e+01,3.350332e-01,1.791170e+05,1.791170e+05,1.209579e+01,-3.753957e-03,6.059279e+00,3.382861e+04
3.890215e+01,3.495044e-01,1.790772e+05,1.790772e+05,1.209557e+01,-6.521009e-04,6.059833e+00,3.383922e+04
3.902075e+01,3.682163e-01,1.792828e+05,1.792828e+05,1.209672e+01,2.965189e-03,6.060548e+00,3.380440e+04
3.913936e+01,3.828547e-01,1.795175e+05,1.795175e+05,1.209803e+01,5.580730e-03,6.061108e+00,3.376334e+04
3.925796e+01,3.819671e-01,1.797171e+05,1.797171e+05,1.209914e+01,6.423326e-03,6.061074e+00,3.372563e+04
3.937656e+01,3.721199e-01,1.798971e+05,1.798971e+05,1.210014e+01,5.451631e-03,6.060698e+00,3.368981e+04
3.949517e+01,3.975825e-01,1.799878e+05,1.799878e+05,1.210064e+01,3.994893e-03,6.061672e+00,3.367824e+04
3.961377e+01,3.919885e-01,1.800283e+05,1.800283e+05,1.210087e+01,2.800700e-03,6.061458e+00,3.366948e+04
3.973238e+01,3.867765e-01,1.800084e+05,1.800084e+05,1.210076e+01,1.843898e-03,6.061258e+00,3.367208e+04
3.985098e+01,3.802219e-01,1.799519e+05,1.799519e+05,1.210044e+01,1.641508e-03,6.061008e+00,3.368127e+04
3.996959e+01,3.702168e-01,1.800558e+05,1.800558e+05,1.210102e+01,2.025160e-03,6.060625e+00,3.365970e+04
4.008819e+01,3.664219e-01,1.801270e+05,1.801270e+05,1.210142e+01,2.666688e-03,6.060480e+00,3.364560e+04
4.020679e+01,3.674032e-01,1.801201e+05,1.801201e+05,1.210138e+01,3.093996e-03,6.060517e+00,3.364709e+04
4.032540e+01,3.727746e-01,1.802625e+05,1.802625e+05,1.210217e+01,2.538340e-03,6.060723e+00,3.362165e+04
4.044400e+01,3.862131e-01,1.803616e+05,1.803616e+05,1.210272e+01,7.617924e-04,6.061237e+00,3.360604e+04
4.056261e+01,3.923001e-01,1.804469e+05,1.804469e+05,1.210319e+01,-1.171692e-03,6.061470e+00,3.359143e+04
4.068121e+01,3.808531e-01,1.804424e+05,1.804424e+05,1.210317e+01,-2.696866e-03,6.061032e+00,3.358985e+04
4.079981e+01,3.731004e-01,1.802554e+05,1.802554e+05,1.210213e+01,-4.056497e-03,6.060735e+00,3.362304e+04
4.091842e+01,3.793622e-01,1.799967e+05,1.799967e+05,1.210069e+01,-4.361748e-03,6.060975e+00,3.367271e+04
4.103702e+01,3.833562e-01,1.798278e+05,1.798278e+05,1.209975e+01,-4.097704e-03,6.061128e+00,3.370518e+04
4.115563e+01,3.822198e-01,1.798126e+05,1.798126e+05,1.209967e+01,-3.537365e-03,6.061084e+00,3.370778e+04
4.127423e+01,3.663647e-01,1.797956e+05,1.797956e+05,1.209958e+01,-2.698971e-03,6.060478e+00,3.370760e+04
4.139283e+01,3.336043e-01,1.798742e+05,1.798742e+05,1.210001e+01,-2.187670e-03,6.059224e+00,3.368590e+04
4.151144e+01,3.185693e-01,1.798359e+05,1.798359e+05,1.209980e+01,-2.223948e-03,6.058649e+00,3.368987e+04
4.163004e+01,3.201819e-01,1.796932e+05,1.796932e+05,1.209901e+01,-2.368378e-03,6.058711e+00,3.371698e+04
4.174865e+01,3.113686e-01,1.795997e+05,1.795997e+05,1.209849e+01,-1.785141e-03,6.058374e+00,3.373265e+04
4.186725e+01,3.100412e-01,1.795178e+05,1.795178e+05,1.209803e+01,-1.195232e-03,6.058323e+00,3.374776e+04
4.198586e+01,3.059538e-01,1.794812e+05,1.794812e+05,1.209783e+01,-5.196439e-04,6.058166e+00,3.375376e+04
4.210446e+01,3.243182e-01,1.795286e+05,1.795286e+05,1.209809e+01,4.260988e-04,6.058869e+00,3.374876e+04
4.222306e+01,3.328352e-01,1.797053e+05,1.797053e+05,1.209907e+01,8.785378e-04,6.059195e+00,3.371739e+04
4.234167e+01,3.340301e-01,1.797019e+05,1.797019e+05,1.209905e+01,1.334070e-03,6.059241e+00,3.371829e+04
4.246027e+01,3.214699e-01,1.796077e+05,1.796077e+05,1.209853e+01,1.291601e-03,6.058760e+00,3.373330e+04
4.257888e+01,3.004926e-01,1.796752e+05,1.796752e+05,1.209891e+01,9.306068e-04,6.057958e+00,3.371615e+04
4.269748e+01,3.054121e-01,1.796558e+05,1.796558e+05,1.209880e+01,3.457005e-04,6.058146e+00,3.372086e+04
4.281608e+01,3.072745e-01,1.797642e+05,1.797642e+05,1.209940e+01,6.097598e-04,6.058217e+00,3.370090e+04
4.293469e+01,3.262730e-01,1.797487e+05,1.797487e+05,1.209931e+01,8.458063e-04,6.058944e+00,3.370786e+04
4.305329e+01,3.257391e-01,1.797503e+05,1.797503e+05,1.209932e+01,4.014845e-04,6.058923e+00,3.370744e+04
4.317190e+01,3.139832e-01,1.796867e+05,1.796867e+05,1.209897e+01,-3.532857e-04,6.058474e+00,3.371687e+04
4.329050e+01,3.092506e-01,1.797767e+05,1.797767e+05,1.209947e+01,-1.243626e-03,6.058293e+00,3.369898e+04
4.340910e+01,3.100997e-01,1.797900e+05,1.797900e+05,1.209954e+01,-1.694481e-03,6.058325e+00,3.369668e+04
4.352771e+01,3.001658e-01,1.797122e+05,1.797122e+05,1.209911e+01,-1.654578e-03,6.057945e+00,3.370915e+04
4.364631e+01,2.999070e-01,1.795547e+05,1.795547e+05,1.209823e+01,-1.245926e-03,6.057935e+00,3.373867e+04
4.376492e+01,2.873706e-01,1.795056e+05,1.795056e+05,1.209796e+01,-8.395299e-04,6.057456e+00,3.374522e+04
4.388352e+01,2.928394e-01,1.794729e+05,1.794729e+05,1.209778e+01,-1.915004e-04,6.057665e+00,3.375253e+04
4.400213e+01,2.904129e-01,1.795763e+05,1.795763e+05,1.209836e+01,3.036690e-04,6.057572e+00,3.373257e+04
4.412073e+01,3.034989e-01,1.796490e+05,1.796490e+05,1.209876e+01,5.320557e-04,6.058073e+00,3.372171e+04
4.423933e+01,2.987623e-01,1.797024e+05,1.797024e+05,1.209906e+01,-6.644503e-05,6.057891e+00,3.371068e+04
4.435794e+01,3.073882e-01,1.796711e+05,1.796711e+05,1.209888e+01,-7.134303e-04,6.058221e+00,3.371839e+04
4.447654e+01,3.041318e-01,1.795794e+05,1.795794e+05,1.209837e+01,-1.442987e-03,6.058097e+00,3.373492e+04
4.459515e+01,2.930490e-01,1.795387e+05,1.795387e+05,1.209815e+01,-1.474418e-03,6.057673e+00,3.374021e+04
4.471375e+01,2.906163e-01,1.794280e+05,1.794280e+05,1.209753e+01,-1.192968e-03,6.057580e+00,3.376050e+04
4.483235e+01,2.996033e-01,1.794422e+05,1.794422e+05,1.209761e+01,-6.405662e-04,6.057924e+00,3.375974e+04
4.495096e+01,2.955767e-01,1.794408e+05,1.794408e+05,1.209760e+01,-1.498254e-04,6.057769e+00,3.375915e+04
4.506956e+01,2.952984e-01,1.795265e+05,1.795265e+05,1.209808e+01,5.233163e-05,6.057759e+00,3.374298e+04
4.518817e+01,2.988198e-01,1.795232e+05,1.795232e+05,1.209806e+01,-2.648699e-05,6.057894e+00,3.374436e+04
4.530677e+01,2.993871e-01,1.795115e+05,1.795115e+05,1.209799e+01,-4.334434e-04,6.057915e+00,3.374666e+04
4.542537e+01,2.907961e-01,1.794832e+05,1.794832e+05,1.209784e+01,-6.437978e-04,6.057587e+00,3.375015e+04
4.554398e+01,2.866555e-01,1.794587e+05,1.794587e+05,1.209770e+01,-5.207349e-04,6.057428e+00,3.375388e+04
4.566258e+01,2.957997e-01,1.793897e+05,1.793897e+05,1.209732e+01,-3.068270e-04,6.057778e+00,3.376881e+04
4.578119e+01,3.016155e-01,1.793860e+05,1.793860e+05,1.209730e+01,-3.793071e-04,6.058000e+00,3.377075e+04
4.589979e+01,3.013950e-01,1.794205e+05,1.794205e+05,1.209749e+01,-5.997283e-04,6.057992e+00,3.376421e+04
4.601839e+01,2.893769e-01,1.795233e+05,1.795233e+05,1.209806e+01,-1.171836e-03,6.057532e+00,3.374231e+04
4.613700e+01,2.787136e-01,1.794659e+05,1.794659e+05,1.209774e+01,-1.502674e-03,6.057124e+00,3.375084e+04
4.625560e+01,2.696437e-01,1.793635e+05,1.793635e+05,1.209717e+01,-1.930907e-03,6.056777e+00,3.376818e+04
4.637421e+01,2.621010e-01,1.792909e+05,1.792909e+05,1.209676e+01,-2.627038e-03,6.056489e+00,3.378024e+04
4.649281e+01,2.634666e-01,1.791590e+05,1.791590e+05,1.209603e+01,-3.283828e-03,6.056541e+00,3.380540e+04
4.661142e+01,2.605543e-01,1.791855e+05,1.791855e+05,1.209618e+01,-3.057428e-03,6.056430e+00,3.379978e+04
4.673002e+01,2.636647e-01,1.791723e+05,1.791723e+05,1.209610e+01,-2.269545e-03,6.056549e+00,3.380293e+04
4.684862e+01,2.543762e-01,1.790372e+05,1.790372e+05,1.209535e+01,-1.406365e-03,6.056193e+00,3.382645e+04
4.696723e+01,2.594526e-01,1.789196e+05,1.789196e+05,1.209469e+01,-5.073392e-04,6.056387e+00,3.384976e+04
4.708583e+01,2.671736e-01,1.789476e+05,1.789476e+05,1.209485e+01,3.604781e-04,6.056683e+00,3.384612e+04
4.720444e+01,2.572286e-01,1.790543e+05,1.790543e+05,1.209544e+01,1.307251e-03,6.056302e+00,3.382383e+04
4.732304e+01,2.666837e-01,1.791033e+05,1.791033e+05,1.209572e+01,2.144520e-03,6.056664e+00,3.381660e+04
4.744164e+01,2.731155e-01,1.791403e+05,1.791403e+05,1.209592e+01,2.418367e-03,6.056910e+00,3.381098e+04
4.756025e+01,2.821183e-01,1.792576e+05,1.792576e+05,1.209658e+01,2.018855e-03,6.057255e+00,3.379078e+04
4.767885e+01,2.797993e-01,1.792743e+05,1.792743e+05,1.209667e+01,1.301545e-03,6.057166e+00,3.378714e+04
4.779746e+01,2.812636e-01,1.792781e+05,1.792781e+05,1.209669e+01,4.054277e-04,6.057222e+00,3.378673e+04
4.791606e+01,2.695396e-01,1.792939e+05,1.792939e+05,1.209678e+01,-3.494301e-04,6.056773e+00,3.378127e+04
4.803466e+01,2.718696e-01,1.792905e+05,1.792905e+05,1.209676e+01,-9.397038e-04,6.056862e+00,3.378239e+04
4.815327e+01,2.624729e-01,1.792469e+05,1.792469e+05,1.209652e+01,-1.068423e-03,6.056503e+00,3.378860e+04
4.827187e+01,2.534068e-01,1.791313e+05,1.791313e+05,1.209587e+01,-1.116018e-03,6.056156e+00,3.380848e+04
4.839048e+01,2.614074e-01,1.791343e+05,1.791343e+05,1.209589e+01,-1.256407e-03,6.056462e+00,3.380962e+04
4.850908e+01,2.683580e-01,1.791482e+05,1.791482e+05,1.209597e+01,-9.272787e-04,6.056728e+00,3.380848e+04
4.862769e+01,2.634819e-01,1.791507e+05,1.791507e+05,1.209598e+01,-4.970212e-04,6.056542e+00,3.380697e+04
4.874629e+01,2.567070e-01,1.791290e+05,1.791290e+05,1.209586e+01,-2.344503e-04,6.056282e+00,3.380962e+04
4.886489e+01,2.650145e-01,1.790584e+05,1.790584e+05,1.209547e+01,-6.160748e-04,6.056600e+00,3.382473e+04
4.898350e+01,2.641110e-01,1.791334e+05,1.791334e+05,1.209589e+01,-9.059322e-04,6.056566e+00,3.381037e+04
4.910210e+01,2.707649e-01,1.791297e+05,1.791297e+05,1.209587e+01,-1.079789e-03,6.056820e+00,3.381249e+04
4.922071e+01,2.583102e-01,1.790905e+05,1.790905e+05,1.209565e+01,-1.223401e-03,6.056344e+00,3.381722e+04
4.933931e+01,2.555533e-01,1.789907e+05,1.789907e+05,1.209509e+01,-1.605647e-03,6.056238e+00,3.383549e+04
4.945791e+01,2.679583e-01,1.789810e+05,1.789810e+05,1.209503e+01,-1.960688e-03,6.056713e+00,3.383998e+04
4.957652e+01,2.542450e-01,1.789623e+05,1.789623e+05,1.209493e+01,-1.568732e-03,6.056188e+00,3.384059e+04
4.969512e+01,2.568949e-01,1.789223e+05,1.789223e+05,1.209471e+01,-1.210975e-03,6.056290e+00,3.384871e+04
4.981373e+01,2.541480e-01,1.788164e+05,1.788164e+05,1.209412e+01,-1.186936e-03,6.056185e+00,3.386816e+04
4.993233e+01,2.480293e-01,1.788352e+05,1.788352e+05,1.209422e+01,-1.251820e-03,6.055950e+00,3.386331e+04
5.005093e+01,2.501702e-01,1.789235e+05,1.789235e+05,1.209471e+01,-8.350448e-04,6.056032e+00,3.384706e+04
5.016954e+01,2.416294e-01,1.788648e+05,1.788648e+05,1.209439e+01,-1.893353e-04,6.055706e+00,3.385634e+04
5.028814e+01,2.402258e-01,1.787413e+05,1.787413e+05,1.209369e+01,6.842688e-04,6.055652e+00,3.387942e+04
5.040675e+01,2.450161e-01,1.787504e+05,1.787504e+05,1.209375e+01,9.350180e-04,6.055835e+00,3.387872e+04
5.052535e+01,2.458937e-01,1.788557e+05,1.788557e+05,1.209433e+01,4.183657e-04,6.055869e+00,3.385897e+04
5.064396e+01,2.401699e-01,1.789206e+05,1.789206e+05,1.209470e+01,-4.371310e-04,6.055650e+00,3.384546e+04
5.076256e+01,2.359682e-01,1.790327e+05,1.790327e+05,1.209532e+01,-1.061604e-03,6.055489e+00,3.382337e+04
5.088116e+01,2.207405e-01,1.789944e+05,1.789944e+05,1.209511e+01,-1.809624e-03,6.054906e+00,3.382736e+04
5.099977e+01,1.942419e-01,1.787712e+05,1.787712e+05,1.209386e+01,-1.891905e-03,6.053893e+00,3.386391e+04
5.111837e+01,1.982838e-01,1.785373e+05,1.785373e+05,1.209255e+01,-1.281595e-03,6.054047e+00,3.390914e+04
5.123698e+01,1.997189e-01,1.785875e+05,1.785875e+05,1.209283e+01,-3.872126e-04,6.054102e+00,3.389992e+04
5.135558e+01,2.153903e-01,1.786331e+05,1.786331e+05,1.209309e+01,5.174601e-04,6.054702e+00,3.389462e+04
5.147418e+01,2.302453e-01,1.788064e+05,1.788064e+05,1.209406e+01,9.264171e-04,6.055270e+00,3.386496e+04
5.159279e+01,2.479923e-01,1.789091e+05,1.789091e+05,1.209463e+01,2.451582e-04,6.055949e+00,3.384930e+04
5.171139e+01,2.439014e-01,1.789317e+05,1.789317e+05,1.209476e+01,-1.354221e-03,6.055793e+00,3.384415e+04
5.183000e+01,2.410610e-01,1.787978e+05,1.787978e+05,1.209401e+01,-2.487074e-03,6.055684e+00,3.386890e+04
5.194860e+01,2.384350e-01,1.786293e+05,1.786293e+05,1.209307e+01,-3.560811e-03,6.055583e+00,3.390028e+04
5.206720e+01,2.304931e-01,1.784703e+05,1.784703e+05,1.209218e+01,-3.459393e-03,6.055280e+00,3.392878e+04
5.218581e+01,2.404282e-01,1.783957e+05,1.783957e+05,1.209176e+01,-2.735458e-03,6.055660e+00,3.394510e+04
5.230441e+01,2.361381e-01,1.784457e+05,1.784457e+05,1.209204e+01,-1.608223e-03,6.055496e+00,3.393466e+04
5.242302e+01,2.369712e-01,1.783721e+05,1.783721e+05,1.209163e+01,-6.604873e-04,6.055527e+00,3.394884e+04
5.254162e+01,2.342839e-01,1.784637e+05,1.784637e+05,1.209214e+01,-1.284852e-04,6.055425e+00,3.393084e+04
5.266023e+01,2.340454e-01,1.784476e+05,1.784476e+05,1.209205e+01,-2.281481e-04,6.055415e+00,3.393385e+04
5.277883e+01,2.189469e-01,1.784323e+05,1.784323e+05,1.209196e+01,-7.180580e-04,6.054838e+00,3.393354e+04
5.289743e+01,2.164627e-01,1.784176e+05,1.784176e+05,1.209188e+01,-5.943320e-04,6.054743e+00,3.393579e+04
5.301604e+01,2.170734e-01,1.784010e+05,1.784010e+05,1.209179e+01,-5.437977e-04,6.054766e+00,3.393909e+04
5.313464e+01,2.141329e-01,1.783420e+05,1.783420e+05,1.209146e+01,2.855488e-04,6.054654e+00,3.394968e+04
5.325325e+01,2.165663e-01,1.782793e+05,1.782793e+05,1.209111e+01,1.417569e-03,6.054747e+00,3.396213e+04
5.337185e+01,2.289265e-01,1.783824e+05,1.783824e+05,1.209169e+01,2.575893e-03,6.055220e+00,3.394516e+04
5.349045e+01,2.440882e-01,1.784354e+05,1.784354e+05,1.209198e+01,3.353006e-03,6.055800e+00,3.393834e+04
5.360906e+01,2.387943e-01,1.785840e+05,1.785840e+05,1.209281e+01,3.726387e-03,6.055597e+00,3.390896e+04
5.372766e+01,2.447469e-01,1.787304e+05,1.787304e+05,1.209363e+01,3.375652e-03,6.055825e+00,3.388245e+04
5.384627e+01,2.286439e-01,1.788288e+05,1.788288e+05,1.209418e+01,2.242141e-03,6.055209e+00,3.386036e+04
5.396487e+01,2.239256e-01,1.788251e+05,1.788251e+05,1.209416e+01,1.342829e-03,6.055028e+00,3.386005e+04
5.408347e+01,2.296316e-01,1.788196e+05,1.788196e+05,1.209413e+01,1.643150e-04,6.055247e+00,3.386233e+04
5.420208e+01,2.341368e-01,1.787679e+05,1.787679e+05,1.209384e+01,-4.629076e-04,6.055419e+00,3.387309e+04
5.432068e+01,2.303868e-01,1.787040e+05,1.787040e+05,1.209349e+01,-9.908673e-04,6.055275e+00,3.388438e+04
5.443929e+01,2.232828e-01,1.787557e+05,1.787557e+05,1.209378e+01,-1.218571e-03,6.055004e+00,3.387307e+04
5.455789e+01,2.232803e-01,1.786940e+05,1.786940e+05,1.209343e+01,-1.755831e-03,6.055004e+00,3.388476e+04
5.467649e+01,2.282393e-01,1.787480e+05,1.787480e+05,1.209373e+01,-2.355557e-03,6.055193e+00,3.387559e+04
5.479510e+01,2.285421e-01,1.786374e+05,1.786374e+05,1.209311e+01,-2.627532e-03,6.055205e+00,3.389662e+04
5.491370e+01,2.231389e-01,1.785867e+05,1.785867e+05,1.209283e+01,-2.502642e-03,6.054998e+00,3.390508e+04
5.503231e+01,2.220833e-01,1.784326e+05,1.784326e+05,1.209197e+01,-1.843030e-03,6.054958e+00,3.393415e+04
5.515091e+01,2.136484e-01,1.783217e+05,1.783217e+05,1.209134e+01,-9.196421e-04,6.054635e+00,3.395344e+04
5.526952e+01,2.120343e-01,1.783659e+05,1.783659e+05,1.209159e+01,4.123384e-04,6.054573e+00,3.394468e+04
5.538812e+01,2.169457e-01,1.784711e+05,1.784711e+05,1.209218e+01,1.396921e-03,6.054761e+00,3.392573e+04
5.550672e+01,2.188132e-01,1.785182e+05,1.785182e+05,1.209245e+01,1.335269e-03,6.054833e+00,3.391717e+04
5.562533e+01,2.206803e-01,1.786197e+05,1.786197e+05,1.209301e+01,4.707271e-04,6.054904e+00,3.389830e+04
5.574393e+01,2.240003e-01,1.786635e+05,1.786635e+05,1.209326e+01,-5.657990e-04,6.055031e+00,3.389070e+04
5.586254e+01,2.151814e-01,1.786701e+05,1.786701e+05,1.209330e+01,-9.631777e-04,6.054694e+00,3.388755e+04
5.598114e+01,2.034002e-01,1.784093e+05,1.784093e+05,1.209184e+01,-7.212153e-04,6.054243e+00,3.393456e+04
5.609974e+01,2.062298e-01,1.783028e+05,1.783028e+05,1.209124e+01,-3.986374e-04,6.054351e+00,3.395545e+04
5.621835e+01,2.198172e-01,1.783543e+05,1.783543e+05,1.209153e+01,2.527931e-04,6.054871e+00,3.394855e+04
5.633695e+01,2.237315e-01,1.785102e+05,1.785102e+05,1.209240e+01,9.340497e-04,6.055021e+00,3.391975e+04
5.645556e+01,2.280241e-01,1.786178e+05,1.786178e+05,1.209300e+01,1.242635e-03,6.055185e+00,3.390024e+04
5.657416e+01,2.286313e-01,1.786211e+05,1.786211e+05,1.209302e+01,3.976420e-04,6.055208e+00,3.389974e+04
5.669276e+01,2.185269e-01,1.786244e+05,1.786244e+05,1.209304e+01,-9.406562e-04,6.054822e+00,3.389694e+04
5.681137e+01,2.128421e-01,1.785803e+05,1.785803e+05,1.209279e+01,-2.381915e-03,6.054604e+00,3.390409e+04
5.692997e+01,2.054211e-01,1.784329e+05,1.784329e+05,1.209197e+01,-2.769145e-03,6.054320e+00,3.393051e+04
5.704858e+01,1.989805e-01,1.783333e+05,1.783333e+05,1.209141e+01,-1.912182e-03,6.054074e+00,3.394808e+04
5.716718e+01,1.913164e-01,1.782910e+05,1.782910e+05,1.209117e+01,-9.401002e-04,6.053781e+00,3.395450e+04
5.728579e+01,1.948885e-01,1.781910e+05,1.781910e+05,1.209061e+01,-7.470815e-06,6.053917e+00,3.397432e+04
5.740439e+01,2.025798e-01,1.782898e+05,1.782898e+05,1.209117e+01,5.851129e-04,6.054212e+00,3.395714e+04
5.752299e+01,2.038145e-01,1.784952e+05,1.784952e+05,1.209232e+01,7.811977e-04,6.054259e+00,3.391833e+04
5.764160e+01,2.036017e-01,1.784970e+05,1.784970e+05,1.209233e+01,6.434998e-04,6.054251e+00,3.391795e+04
5.776020e+01,2.140296e-01,1.784492e+05,1.784492e+05,1.209206e+01,1.908545e-04,6.054650e+00,3.392925e+04
5.787881e+01,2.101225e-01,1.783526e+05,1.783526e+05,1.209152e+01,-7.999033e-04,6.054500e+00,3.394680e+04
5.799741e+01,2.076307e-01,1.783540e+05,1.783540e+05,1.209153e+01,-9.782175e-04,6.054405e+00,3.394600e+04
5.811601e+01,2.133835e-01,1.783529e+05,1.783529e+05,1.209152e+01,-2.833792e-04,6.054625e+00,3.394745e+04
5.823462e+01,2.205606e-01,1.783108e+05,1.783108e+05,1.209128e+01,1.365064e-04,6.054900e+00,3.395700e+04
5.835322e+01,2.198613e-01,1.782701e+05,1.782701e+05,1.209106e+01,3.203096e-04,6.054873e+00,3.396460e+04
5.847183e+01,2.133676e-01,1.784240e+05,1.784240e+05,1.209192e+01,-8.323267e-05,6.054624e+00,3.393390e+04
5.859043e+01,2.030390e-01,1.784780e+05,1.784780e+05,1.209222e+01,-7.905647e-05,6.054229e+00,3.392143e+04
5.870903e+01,1.976476e-01,1.783842e+05,1.783842e+05,1.209170e+01,5.508847e-04,6.054023e+00,3.393811e+04
5.882764e+01,1.994895e-01,1.783407e+05,1.783407e+05,1.209145e+01,9.991481e-04,6.054093e+00,3.394678e+04
5.894624e+01,2.070434e-01,1.782480e+05,1.782480e+05,1.209093e+01,1.226690e-03,6.054382e+00,3.396605e+04
5.906485e+01,2.034285e-01,1.783495e+05,1.783495e+05,1.209150e+01,1.455386e-03,6.054244e+00,3.394596e+04
5.918345e+01,2.011398e-01,1.785484e+05,1.785484e+05,1.209262e+01,1.592415e-03,6.054157e+00,3.390765e+04
5.930206e+01,2.123687e-01,1.785923e+05,1.785923e+05,1.209286e+01,8.744197e-04,6.054586e+00,3.390171e+04
5.942066e+01,2.116844e-01,1.786436e+05,1.786436e+05,1.209315e+01,-2.557092e-04,6.054560e+00,3.389184e+04
5.953926e+01,2.041915e-01,1.785447e+05,1.785447e+05,1.209259e+01,-1.657905e-03,6.054273e+00,3.390901e+04
5.965787e+01,2.085216e-01,1.784783e+05,1.784783e+05,1.209222e+01,-2.628730e-03,6.054439e+00,3.392255e+04
5.977647e+01,1.992520e-01,1.783242e+05,1.783242e+05,1.209136e+01,-2.534026e-03,6.054084e+00,3.394988e+04
5.989508e+01,1.946459e-01,1.782328e+05,1.782328e+05,1.209085e+01,-1.908304e-03,6.053908e+00,3.396630e+04
6.001368e+01,1.904492e-01,1.782354e+05,1.782354e+05,1.209086e+01,-1.353642e-03,6.053748e+00,3.396490e+04
6.013228e+01,1.862784e-01,1.782423e+05,1.782423e+05,1.209090e+01,-9.803960e-04,6.053588e+00,3.396270e+04
6.025089e+01,2.028403e-01,1.783050e+05,1.783050e+05,1.209125e+01,-1.127850e-04,6.054222e+00,3.395431e+04
6.036949e+01,1.992652e-01,1.783578e+05,1.783578e+05,1.209155e+01,6.019087e-04,6.054085e+00,3.394348e+04
6.048810e+01,1.947650e-01,1.782127e+05,1.782127e+05,1.209073e+01,8.894347e-04,6.053913e+00,3.397015e+04
6.060670e+01,2.038248e-01,1.781710e+05,1.781710e+05,1.209050e+01,1.012148e-03,6.054259e+00,3.398005e+04
6.072530e+01,2.077769e-01,1.783173e+05,1.783173e+05,1.209132e+01,9.612985e-04,6.054411e+00,3.395302e+04
6.084391e+01,2.042181e-01,1.784211e+05,1.784211e+05,1.209190e+01,9.126607e-04,6.054274e+00,3.393251e+04
6.096251e+01,2.040774e-01,1.784240e+05,1.784240e+05,1.209192e+01,8.088482e-04,6.054269e+00,3.393191e+04
6.108112e+01,2.029740e-01,1.784163e+05,1.784163e+05,1.209187e+01,2.327312e-04,6.054227e+00,3.393315e+04
6.119972e+01,1.979056e-01,1.783979e+05,1.783979e+05,1.209177e+01,-5.880000e-04,6.054033e+00,3.393556e+04
6.131833e+01,2.029790e-01,1.783591e+05,1.783591e+05,1.209155e+01,-9.612446e-04,6.054227e+00,3.394404e+04
6.143693e+01,2.047042e-01,1.782891e+05,1.782891e+05,1.209116e+01,-8.964688e-04,6.054293e+00,3.395773e+04
6.155553e+01,1.902776e-01,1.783034e+05,1.783034e+05,1.209124e+01,-7.318501e-04,6.053741e+00,3.395191e+04
6.167414e+01,1.905510e-01,1.783007e+05,1.783007e+05,1.209123e+01,-5.443843e-04,6.053751e+00,3.395248e+04
6.179274e+01,1.968896e-01,1.782922e+05,1.782922e+05,1.209118e+01,-5.181952e-04,6.053994e+00,3.395546e+04
6.191135e+01,1.878912e-01,1.782952e+05,1.782952e+05,1.209120e+01,-7.834870e-04,6.053650e+00,3.395297e+04
6.202995e+01,1.879861e-01,1.782917e+05,1.782917e+05,1.209118e+01,-1.111032e-03,6.053653e+00,3.395365e+04
6.214855e+01,1.779020e-01,1.782755e+05,1.782755e+05,1.209109e+01,-1.459822e-03,6.053268e+00,3.395457e+04
6.226716e+01,1.620968e-01,1.782122e+05,1.782122e+05,1.209073e+01,-1.937899e-03,6.052663e+00,3.396324e+04
6.238576e+01,1.730965e-01,1.781218e+05,1.781218e+05,1.209022e+01,-2.011296e-03,6.053084e+00,3.398283e+04
6.250437e+01,1.809995e-01,1.781303e+05,1.781303e+05,1.209027e+01,-1.349251e-03,6.053386e+00,3.398292e+04
6.262297e+01,1.720087e-01,1.780659e+05,1.780659e+05,1.208991e+01,-2.522945e-04,6.053042e+00,3.399326e+04
6.274157e+01,1.663135e-01,1.779690e+05,1.779690e+05,1.208936e+01,9.754466e-04,6.052824e+00,3.401055e+04
6.286018e+01,1.762671e-01,1.780250e+05,1.780250e+05,1.208968e+01,2.101384e-03,6.053205e+00,3.400200e+04
6.297878e+01,1.864150e-01,1.781875e+05,1.781875e+05,1.209059e+01,2.414327e-03,6.053593e+00,3.397317e+04
6.309739e+01,1.759369e-01,1.783029e+05,1.783029e+05,1.209124e+01,2.544136e-03,6.053192e+00,3.394894e+04
6.321599e+01,1.786296e-01,1.783674e+05,1.783674e+05,1.209160e+01,2.121894e-03,6.053295e+00,3.393723e+04
6.333460e+01,1.784652e-01,1.784373e+05,1.784373e+05,1.209199e+01,1.031748e-03,6.053289e+00,3.392391e+04
6.345320e+01,1.786201e-01,1.783486e+05,1.783486e+05,1.209150e+01,2.974090e-05,6.053295e+00,3.394081e+04
6.357180e+01,1.808336e-01,1.783367e+05,1.783367e+05,1.209143e+01,-8.402940e-04,6.053380e+00,3.394355e+04
6.369041e+01,1.732968e-01,1.782937e+05,1.782937e+05,1.209119e+01,-1.310315e-03,6.053091e+00,3.395011e+04
6.380901e+01,1.675152e-01,1.782601e+05,1.782601e+05,1.209100e+01,-1.525056e-03,6.052870e+00,3.395527e+04
6.392762e+01,1.750574e-01,1.782909e+05,1.782909e+05,1.209117e+01,-1.460440e-03,6.053159e+00,3.395102e+04
6.404622e+01,1.737082e-01,1.781959e+05,1.781959e+05,1.209064e+01,-1.892120e-03,6.053107e+00,3.396883e+04
6.416482e+01,1.678052e-01,1.781807e+05,1.781807e+05,1.209055e+01,-2.260938e-03,6.052881e+00,3.397046e+04
6.428343e+01,1.619202e-01,1.781505e+05,1.781505e+05,1.209038e+01,-2.243432e-03,6.052656e+00,3.397495e+04
6.440203e+01,1.575123e-01,1.780977e+05,1.780977e+05,1.209009e+01,-1.527170e-03,6.052488e+00,3.398409e+04
6.452064e+01,1.538767e-01,1.779663e+05,1.779663e+05,1.208935e+01,-5.997478e-05,6.052348e+00,3.400840e+04
6.463924e+01,1.582111e-01,1.779056e+05,1.779056e+05,1.208901e+01,1.461468e-03,6.052514e+00,3.402093e+04
6.475784e+01,1.548643e-01,1.779738e+05,1.779738e+05,1.208939e+01,2.960156e-03,6.052386e+00,3.400717e+04
6.487645e+01,1.602224e-01,1.781572e+05,1.781572e+05,1.209042e+01,4.018478e-03,6.052591e+00,3.397332e+04
6.499505e+01,1.683490e-01,1.783311e+05,1.783311e+05,1.209140e+01,4.503320e-03,6.052902e+00,3.394193e+04
6.511366e+01,1.648356e-01,1.784772e+05,1.784772e+05,1.209222e+01,4.167560e-03,6.052768e+00,3.391340e+04
6.523226e+01,1.624929e-01,1.785594e+05,1.785594e+05,1.209268e+01,3.201141e-03,6.052678e+00,3.389728e+04
6.535086e+01,1.701304e-01,1.785521e+05,1.785521e+05,1.209264e+01,1.953264e-03,6.052970e+00,3.390030e+04
6.546947e+01,1.721437e-01,1.785367e+05,1.785367e+05,1.209255e+01,7.698785e-04,6.053047e+00,3.390366e+04
6.558807e+01,1.733327e-01,1.785506e+05,1.785506e+05,1.209263e+01,-3.736123e-04,6.053093e+00,3.390127e+04
6.570668e+01,1.725006e-01,1.785728e+05,1.785728e+05,1.209275e+01,-1.250300e-03,6.053061e+00,3.389689e+04
6.582528e+01,1.616943e-01,1.785648e+05,1.785648e+05,1.209271e+01,-1.537288e-03,6.052648e+00,3.389608e+04
6.594389e+01,1.675010e-01,1.785035e+05,1.785035e+05,1.209236e+01,-1.265545e-03,6.052870e+00,3.390897e+04
6.606249e+01,1.577124e-01,1.783851e+05,1.783851e+05,1.209170e+01,-7.719497e-04,6.052495e+00,3.392937e+04
6.618109e+01,1.499683e-01,1.783008e+05,1.783008e+05,1.209123e+01,-1.936555e-04,6.052199e+00,3.394376e+04
6.629970e+01,1.548710e-01,1.783411e+05,1.783411e+05,1.209145e+01,4.121226e-04,6.052386e+00,3.393714e+04
6.641830e+01,1.498683e-01,1.784730e+05,1.784730e+05,1.209219e+01,8.432213e-04,6.052195e+00,3.391099e+04
6.653691e+01,1.569687e-01,1.785429e+05,1.785429e+05,1.209258e+01,8.476708e-04,6.052467e+00,3.389923e+04
6.665551e+01,1.631514e-01,1.785540e+05,1.785540e+05,1.209265e+01,5.019801e-04,6.052703e+00,3.389845e+04
6.677411e+01,1.692542e-01,1.785359e+05,1.785359e+05,1.209254e+01,-2.157253e-04,6.052937e+00,3.390320e+04
6.689272e+01,1.584485e-01,1.784811e+05,1.784811e+05,1.209224e+01,-8.225238e-04,6.052523e+00,3.391129e+04
6.701132e+01,1.547129e-01,1.784013e+05,1.784013e+05,1.209179e+01,-8.917514e-04,6.052380e+00,3.392564e+04
6.712993e+01,1.609173e-01,1.784126e+05,1.784126e+05,1.209185e+01,-6.095930e-04,6.052618e+00,3.392484e+04
6.724853e+01,1.531094e-01,1.784069e+05,1.784069e+05,1.209182e+01,-3.263840e-04,6.052319e+00,3.392425e+04
6.736713e+01,1.542117e-01,1.784182e+05,1.784182e+05,1.209189e+01,2.468295e-04,6.052361e+00,3.392234e+04
6.748574e+01,1.665704e-01,1.784432e+05,1.784432e+05,1.209203e+01,4.212412e-04,6.052834e+00,3.392023e+04
6.760434e+01,1.625037e-01,1.784600e+05,1.784600e+05,1.209212e+01,-9.044141e-05,6.052678e+00,3.391617e+04
6.772295e+01,1.604641e-01,1.784257e+05,1.784257e+05,1.209193e+01,-8.261815e-04,6.052600e+00,3.392224e+04
6.784155e+01,1.647568e-01,1.785084e+05,1.785084e+05,1.209239e+01,-1.630786e-03,6.052765e+00,3.390745e+04
6.796016e+01,1.598534e-01,1.784433e+05,1.784433e+05,1.209203e+01,-2.351593e-03,6.052577e+00,3.391876e+04
6.807876e+01,1.472833e-01,1.783158e+05,1.783158e+05,1.209131e+01,-2.632454e-03,6.052096e+00,3.394032e+04
6.819736e+01,1.438777e-01,1.782094e+05,1.782094e+05,1.209071e+01,-2.444005e-03,6.051966e+00,3.395986e+04
6.831597e+01,1.415958e-01,1.781439e+05,1.781439e+05,1.209035e+01,-1.792682e-03,6.051879e+00,3.397185e+04
6.843457e+01,1.419662e-01,1.780907e+05,1.780907e+05,1.209005e+01,-6.140081e-04,6.051893e+00,3.398209e+04
6.855318e+01,1.441127e-01,1.781170e+05,1.781170e+05,1.209020e+01,2.580100e-04,6.051975e+00,3.397752e+04
6.867178e+01,1.474698e-01,1.781634e+05,1.781634e+05,1.209046e+01,6.581389e-04,6.052103e+00,3.396940e+04
6.879038e+01,1.462499e-01,1.782787e+05,1.782787e+05,1.209110e+01,6.614829e-04,6.052057e+00,3.394716e+04
6.890899e+01,1.487822e-01,1.783061e+05,1.783061e+05,1.209126e+01,6.541723e-04,6.052154e+00,3.394250e+04
6.902759e+01,1.483103e-01,1.782395e+05,1.782395e+05,1.209088e+01,4.479420e-04,6.052135e+00,3.395508e+04
6.914620e+01,1.542472e-01,1.781982e+05,1.781982e+05,1.209065e+01,1.126660e-05,6.052363e+00,3.396422e+04
6.926480e+01,1.548420e-01,1.781760e+05,1.781760e+05,1.209053e+01,-1.007595e-03,6.052385e+00,3.396857e+04
6.938340e+01,1.503784e-01,1.782461e+05,1.782461e+05,1.209092e+01,-1.673872e-03,6.052215e+00,3.395425e+04
6.950201e+01,1.510197e-01,1.782752e+05,1.782752e+05,1.209108e+01,-1.536779e-03,6.052239e+00,3.394885e+04
6.962061e+01,1.540552e-01,1.782154e+05,1.782154e+05,1.209075e+01,-8.492186e-04,6.052355e+00,3.396091e+04
6.973922e+01,1.359337e-01,1.779975e+05,1.779975e+05,1.208952e+01,-2.236902e-05,6.051662e+00,3.399857e+04
6.985782e+01,1.193606e-01,1.779237e+05,1.779237e+05,1.208911e+01,6.767050e-04,6.051028e+00,3.400911e+04
6.997643e+01,1.276963e-01,1.780553e+05,1.780553e+05,1.208985e+01,1.299197e-03,6.051347e+00,3.398577e+04
7.009503e+01,1.417886e-01,1.782503e+05,1.782503e+05,1.209094e+01,1.993362e-03,6.051886e+00,3.395162e+04
7.021363e+01,1.386730e-01,1.783488e+05,1.783488e+05,1.209150e+01,2.563707e-03,6.051767e+00,3.393219e+04
7.033224e+01,1.311680e-01,1.783737e+05,1.783737e+05,1.209164e+01,2.505143e-03,6.051480e+00,3.392585e+04
7.045084e+01,1.269820e-01,1.783111e+05,1.783111e+05,1.209129e+01,1.799361e-03,6.051320e+00,3.393686e+04
7.056945e+01,1.258225e-01,1.783137e+05,1.783137e+05,1.209130e+01,8.384328e-04,6.051275e+00,3.393612e+04
7.068805e+01,1.296465e-01,1.783589e+05,1.783589e+05,1.209155e+01,3.191330e-04,6.051421e+00,3.392834e+04
7.080665e+01,1.377550e-01,1.784680e+05,1.784680e+05,1.209216e+01,6.355696e-05,6.051732e+00,3.390934e+04
7.092526e+01,1.382493e-01,1.784728e+05,1.784728e+05,1.209219e+01,-2.905187e-04,6.051751e+00,3.390854e+04
7.104386e+01,1.391438e-01,1.783643e+05,1.783643e+05,1.209158e+01,-9.152704e-04,6.051785e+00,3.392935e+04
7.116247e+01,1.598777e-01,1.783378e+05,1.783378e+05,1.209143e+01,-1.149595e-03,6.052578e+00,3.393885e+04
7.128107e+01,1.826946e-01,1.783201e+05,1.783201e+05,1.209134e+01,-1.107371e-03,6.053451e+00,3.394710e+04
7.139967e+01,1.904631e-01,1.782506e+05,1.782506e+05,1.209095e+01,-8.397590e-04,6.053748e+00,3.396200e+04
7.151828e+01,1.869903e-01,1.782122e+05,1.782122e+05,1.209073e+01,-1.679138e-04,6.053615e+00,3.396857e+04
7.163688e+01,1.697357e-01,1.783081e+05,1.783081e+05,1.209127e+01,6.360113e-04,6.052955e+00,3.394661e+04
7.175549e+01,1.440678e-01,1.783379e+05,1.783379e+05,1.209144e+01,1.426550e-03,6.051973e+00,3.393543e+04
7.187409e+01,1.366645e-01,1.782679e+05,1.782679e+05,1.209104e+01,1.900916e-03,6.051690e+00,3.394716e+04
7.199270e+01,1.262740e-01,1.783402e+05,1.783402e+05,1.209145e+01,2.168172e-03,6.051292e+00,3.393118e+04
7.211130e+01,1.230727e-01,1.784845e+05,1.784845e+05,1.209226e+01,1.992796e-03,6.051170e+00,3.390306e+04
7.222990e+01,1.223054e-01,1.785435e+05,1.785435e+05,1.209259e+01,2.005944e-03,6.051141e+00,3.389168e+04
7.234851e+01,1.182525e-01,1.785167e+05,1.785167e+05,1.209244e+01,1.902149e-03,6.050986e+00,3.389592e+04
7.246711e+01,1.187187e-01,1.785870e+05,1.785870e+05,1.209283e+01,1.440278e-03,6.051003e+00,3.388266e+04
7.258572e+01,1.210097e-01,1.785787e+05,1.785787e+05,1.209278e+01,1.077475e-03,6.051091e+00,3.388474e+04
7.270432e+01,1.149678e-01,1.786102e+05,1.786102e+05,1.209296e+01,9.098666e-04,6.050860e+00,3.387746e+04
7.282292e+01,1.161651e-01,1.786113e+05,1.786113e+05,1.209297e+01,8.374197e-04,6.050906e+00,3.387750e+04
7.294153e+01,1.217015e-01,1.786536e+05,1.786536e+05,1.209320e+01,5.681796e-04,6.051118e+00,3.387067e+04
7.306013e+01,1.264872e-01,1.786911e+05,1.786911e+05,1.209341e+01,4.633860e-04,6.051301e+00,3.386458e+04
7.317874e+01,1.346189e-01,1.786603e+05,1.786603e+05,1.209324e+01,1.403828e-04,6.051612e+00,3.387216e+04
7.329734e+01,1.300090e-01,1.786607e+05,1.786607e+05,1.209324e+01,-2.688675e-04,6.051435e+00,3.387111e+04
7.341594e+01,1.237220e-01,1.786611e+05,1.786611e+05,1.209325e+01,-6.357533e-04,6.051195e+00,3.386969e+04
7.353455e+01,1.225412e-01,1.786614e+05,1.786614e+05,1.209325e+01,-5.970633e-04,6.051150e+00,3.386937e+04
7.365315e+01,1.168957e-01,1.786211e+05,1.786211e+05,1.209302e+01,-3.122980e-04,6.050934e+00,3.387580e+04
7.377176e+01,1.117781e-01,1.785649e+05,1.785649e+05,1.209271e+01,-3.222700e-04,6.050738e+00,3.388537e+04
7.389036e+01,1.206105e-01,1.785656e+05,1.785656e+05,1.209271e+01,-2.959676e-04,6.051076e+00,3.388712e+04
7.400897e+01,1.174091e-01,1.786303e+05,1.786303e+05,1.209307e+01,-3.287509e-04,6.050953e+00,3.387418e+04
7.412757e+01,1.083376e-01,1.786557e+05,1.786557e+05,1.209322e+01,-2.002224e-04,6.050606e+00,3.386740e+04
7.424617e+01,1.073852e-01,1.785917e+05,1.785917e+05,1.209286e+01,1.246321e-04,6.050570e+00,3.387934e+04
7.436478e+01,1.122827e-01,1.785856e+05,1.785856e+05,1.209282e+01,5.058506e-04,6.050757e+00,3.388154e+04
7.448338e+01,1.103140e-01,1.785477e+05,1.785477e+05,1.209261e+01,8.376824e-04,6.050682e+00,3.388833e+04
7.460199e+01,1.091989e-01,1.785701e+05,1.785701e+05,1.209274e+01,1.605313e-03,6.050639e+00,3.388383e+04
7.472059e+01,1.111061e-01,1.786600e+05,1.786600e+05,1.209324e+01,2.369192e-03,6.050712e+00,3.386719e+04
7.483919e+01,1.088142e-01,1.787580e+05,1.787580e+05,1.209379e+01,2.662342e-03,6.050625e+00,3.384814e+04
7.495780e+01,1.074894e-01,1.787896e+05,1.787896e+05,1.209397e+01,2.784915e-03,6.050574e+00,3.384186e+04
7.507640e+01,1.071155e-01,1.789035e+05,1.789035e+05,1.209460e+01,2.492598e-03,6.050560e+00,3.382024e+04
7.519501e+01,1.112410e-01,1.789387e+05,1.789387e+05,1.209480e+01,1.858400e-03,6.050717e+00,3.381446e+04
7.531361e+01,1.196379e-01,1.789399e+05,1.789399e+05,1.209481e+01,1.295482e-03,6.051039e+00,3.381605e+04
7.543221e+01,1.145163e-01,1.789803e+05,1.789803e+05,1.209503e+01,7.597384e-04,6.050843e+00,3.380731e+04
7.555082e+01,1.035317e-01,1.789946e+05,1.789946e+05,1.209511e+01,-1.783331e-06,6.050422e+00,3.380227e+04
7.566942e+01,1.027354e-01,1.789694e+05,1.789694e+05,1.209497e+01,-5.354610e-04,6.050392e+00,3.380684e+04
7.578803e+01,1.099818e-01,1.789795e+05,1.789795e+05,1.209503e+01,-7.129991e-04,6.050669e+00,3.380650e+04
7.590663e+01,1.059594e-01,1.789454e+05,1.789454e+05,1.209484e+01,-6.346775e-04,6.050515e+00,3.381207e+04
7.602523e+01,1.127474e-01,1.788808e+05,1.788808e+05,1.209448e+01,-1.333301e-04,6.050775e+00,3.382573e+04
7.614384e+01,1.121371e-01,1.788338e+05,1.788338e+05,1.209421e+01,4.672081e-04,6.050752e+00,3.383449e+04
7.626244e+01,1.039652e-01,1.788857e+05,1.788857e+05,1.209450e+01,1.148863e-03,6.050439e+00,3.382294e+04
7.638105e+01,1.132478e-01,1.789524e+05,1.789524e+05,1.209488e+01,1.979976e-03,6.050794e+00,3.381231e+04
7.649965e+01,1.075455e-01,1.790397e+05,1.790397e+05,1.209536e+01,2.515499e-03,6.050576e+00,3.379460e+04
7.661826e+01,9.434560e-02,1.790683e+05,1.790683e+05,1.209552e+01,2.578308e-03,6.050071e+00,3.378638e+04
7.673686e+01,9.751235e-02,1.791441e+05,1.791441e+05,1.209595e+01,2.305768e-03,6.050192e+00,3.377277e+04
7.685546e+01,1.072190e-01,1.792228e+05,1.792228e+05,1.209639e+01,1.885668e-03,6.050563e+00,3.376000e+04
7.697407e+01,1.025410e-01,1.792321e+05,1.792321e+05,1.209644e+01,1.368042e-03,6.050385e+00,3.375726e+04
7.709267e+01,9.363860e-02,1.792340e+05,1.792340e+05,1.209645e+01,9.562356e-04,6.050044e+00,3.375500e+04
7.721128e+01,9.327229e-02,1.792743e+05,1.792743e+05,1.209667e+01,6.127426e-04,6.050030e+00,3.374733e+04
7.732988e+01,9.773422e-02,1.792726e+05,1.792726e+05,1.209666e+01,3.593874e-04,6.050201e+00,3.374861e+04
7.744848e+01,9.283680e-02,1.792547e+05,1.792547e+05,1.209656e+01,2.832729e-04,6.050013e+00,3.375094e+04
7.756709e+01,9.242824e-02,1.792548e+05,1.792548e+05,1.209656e+01,1.754023e-04,6.049998e+00,3.375083e+04
7.768569e+01,9.008870e-02,1.792945e+05,1.792945e+05,1.209679e+01,1.643872e-04,6.049908e+00,3.374285e+04
7.780430e+01,8.335945e-02,1.792851e+05,1.792851e+05,1.209673e+01,5.167169e-04,6.049651e+00,3.374318e+04
7.792290e+01,8.422158e-02,1.792784e+05,1.792784e+05,1.209670e+01,9.152727e-04,6.049684e+00,3.374463e+04
7.804150e+01,8.151252e-02,1.792706e+05,1.792706e+05,1.209665e+01,1.096822e-03,6.049580e+00,3.374552e+04
7.816011e+01,8.036530e-02,1.793088e+05,1.793088e+05,1.209686e+01,1.120006e-03,6.049536e+00,3.373809e+04
7.827871e+01,8.612511e-02,1.793930e+05,1.793930e+05,1.209733e+01,1.051791e-03,6.049756e+00,3.372349e+04
7.839732e+01,9.502662e-02,1.794396e+05,1.794396e+05,1.209759e+01,7.323232e-04,6.050097e+00,3.371663e+04
7.851592e+01,8.789781e-02,1.794345e+05,1.794345e+05,1.209757e+01,5.550558e-04,6.049824e+00,3.371607e+04
7.863453e+01,7.781718e-02,1.794288e+05,1.794288e+05,1.209753e+01,5.169343e-04,6.049439e+00,3.371499e+04
7.875313e+01,8.123799e-02,1.793934e+05,1.793934e+05,1.209734e+01,6.735759e-04,6.049570e+00,3.372237e+04
7.887173e+01,7.575224e-02,1.793497e+05,1.793497e+05,1.209709e+01,1.097644e-03,6.049360e+00,3.372942e+04
7.899034e+01,7.526372e-02,1.794196e+05,1.794196e+05,1.209748e+01,1.383375e-03,6.049341e+00,3.371617e+04
7.910894e+01,8.098342e-02,1.795091e+05,1.795091e+05,1.209798e+01,1.431562e-03,6.049560e+00,3.370058e+04
7.922755e+01,8.476208e-02,1.795832e+05,1.795832e+05,1.209839e+01,1.244601e-03,6.049704e+00,3.368748e+04
7.934615e+01,8.462512e-02,1.796319e+05,1.796319e+05,1.209867e+01,8.502583e-04,6.049699e+00,3.367831e+04
7.946475e+01,8.217987e-02,1.795891e+05,1.795891e+05,1.209843e+01,7.433154e-05,6.049606e+00,3.368581e+04
7.958336e+01,8.013248e-02,1.795570e+05,1.795570e+05,1.209825e+01,-5.497300e-04,6.049527e+00,3.369140e+04
7.970196e+01,9.293584e-02,1.795197e+05,1.795197e+05,1.209804e+01,-1.063335e-03,6.050017e+00,3.370113e+04
7.982057e+01,1.096548e-01,1.795205e+05,1.795205e+05,1.209804e+01,-2.698392e-03,6.050657e+00,3.370454e+04
7.993917e+01,1.294498e-01,1.794851e+05,1.794851e+05,1.209785e+01,-7.038811e-03,6.051414e+00,3.371541e+04
8.005777e+01,1.610792e-01,1.794801e+05,1.794801e+05,1.209782e+01,-1.443037e-02,6.052624e+00,3.372310e+04
8.017638e+01,2.863389e-01,1.794186e+05,1.794186e+05,1.209748e+01,-2.231320e-02,6.057416e+00,3.376136e+04
8.029498e+01,3.878902e-01,1.789460e+05,1.789460e+05,1.209484e+01,-2.665170e-02,6.061301e+00,3.387223e+04
8.041359e+01,2.842086e-01,1.778684e+05,1.778684e+05,1.208880e+01,-3.213576e-02,6.057335e+00,3.405516e+04
8.053219e+01,1.097781e-01,1.765222e+05,1.765222e+05,1.208120e+01,-3.920285e-02,6.050661e+00,3.427706e+04
8.065080e+01,0.000000e+00,1.756494e+05,1.756494e+05,1.207625e+01,-4.730106e-02,6.046462e+00,3.442347e+04
